solid OpenSCAD_Model
  facet normal 0.974379 5.0138e-05 0.224911
    outer loop
      vertex 74.9324 45.1609 8.29305
      vertex 75 46 8
      vertex 74.8167 45.8167 8.79415
    endloop
  endfacet
  facet normal 0.974411 0 0.224775
    outer loop
      vertex 75 46 8
      vertex 74.9324 45.1609 8.29305
      vertex 75 44 8
    endloop
  endfacet
  facet normal 0.974411 0 0.224775
    outer loop
      vertex 74.9324 -45.1609 8.29305
      vertex 75 -46 8
      vertex 75 -44 8
    endloop
  endfacet
  facet normal 0.974379 -5.0138e-05 0.224911
    outer loop
      vertex 75 -46 8
      vertex 74.9324 -45.1609 8.29305
      vertex 74.8167 -45.8167 8.79415
    endloop
  endfacet
  facet normal 0 -0.974382 0.2249
    outer loop
      vertex 74.8167 -45.8167 8.79415
      vertex 74.7844 -46 8
      vertex 75 -46 8
    endloop
  endfacet
  facet normal 0 0 -1
    outer loop
      vertex 67 -10 0
      vertex 59.5481 -17.6927 0
      vertex 59.5652 -17.4 0
    endloop
  endfacet
  facet normal 0 0 -1
    outer loop
      vertex 74.7844 -46 0
      vertex 59.5478 -17.6978 0
      vertex 59.5481 -17.6927 0
    endloop
  endfacet
  facet normal 0 0 -1
    outer loop
      vertex 74.7844 -46 0
      vertex 59.5469 -17.7028 0
      vertex 59.5478 -17.6978 0
    endloop
  endfacet
  facet normal 0 0 -1
    outer loop
      vertex 74.7844 -46 0
      vertex 59.496 -17.9916 0
      vertex 59.5469 -17.7028 0
    endloop
  endfacet
  facet normal 0 0 -1
    outer loop
      vertex 74.7844 -46 0
      vertex 59.4119 -18.2724 0
      vertex 59.496 -17.9916 0
    endloop
  endfacet
  facet normal 0 0 -1
    outer loop
      vertex 74.7844 -46 0
      vertex 59.4105 -18.2773 0
      vertex 59.4119 -18.2724 0
    endloop
  endfacet
  facet normal 0 0 -1
    outer loop
      vertex 74.7844 -46 0
      vertex 59.4084 -18.282 0
      vertex 59.4105 -18.2773 0
    endloop
  endfacet
  facet normal 0 0 -1
    outer loop
      vertex 74.7844 -46 0
      vertex 59.2923 -18.5512 0
      vertex 59.4084 -18.282 0
    endloop
  endfacet
  facet normal 0 0 -1
    outer loop
      vertex 74.7844 -46 0
      vertex 59.2897 -18.5557 0
      vertex 59.2923 -18.5512 0
    endloop
  endfacet
  facet normal 0 0 -1
    outer loop
      vertex 74.7844 -46 0
      vertex 59.1432 -18.8096 0
      vertex 59.2897 -18.5557 0
    endloop
  endfacet
  facet normal 0 0 -1
    outer loop
      vertex 74.7844 -46 0
      vertex 58.9681 -19.0447 0
      vertex 59.1432 -18.8096 0
    endloop
  endfacet
  facet normal 0 0 -1
    outer loop
      vertex 74.7844 -46 0
      vertex 58.965 -19.0488 0
      vertex 58.9681 -19.0447 0
    endloop
  endfacet
  facet normal 0 0 -1
    outer loop
      vertex 74.7844 -46 0
      vertex 58.7638 -19.2621 0
      vertex 58.965 -19.0488 0
    endloop
  endfacet
  facet normal 0 0 -1
    outer loop
      vertex 74.7844 -46 0
      vertex 58.7603 -19.2658 0
      vertex 58.7638 -19.2621 0
    endloop
  endfacet
  facet normal 0 0 -1
    outer loop
      vertex 74.7844 -46 0
      vertex 58.7564 -19.2691 0
      vertex 58.7603 -19.2658 0
    endloop
  endfacet
  facet normal 0 0 -1
    outer loop
      vertex 74.7844 -46 0
      vertex 58.5318 -19.4576 0
      vertex 58.7564 -19.2691 0
    endloop
  endfacet
  facet normal 0 0 -1
    outer loop
      vertex 74.7844 -46 0
      vertex 58.5275 -19.4604 0
      vertex 58.5318 -19.4576 0
    endloop
  endfacet
  facet normal 0 0 -1
    outer loop
      vertex 74.7844 -46 0
      vertex 58.2826 -19.6215 0
      vertex 58.5275 -19.4604 0
    endloop
  endfacet
  facet normal 0 0 -1
    outer loop
      vertex 74.7844 -46 0
      vertex 58.278 -19.6238 0
      vertex 58.2826 -19.6215 0
    endloop
  endfacet
  facet normal 0 0 -1
    outer loop
      vertex 74.7844 -46 0
      vertex 58.016 -19.7554 0
      vertex 58.278 -19.6238 0
    endloop
  endfacet
  facet normal 0 0 -1
    outer loop
      vertex 74.7844 -46 0
      vertex 58.0112 -19.7571 0
      vertex 58.016 -19.7554 0
    endloop
  endfacet
  facet normal 0 0 -1
    outer loop
      vertex 74.7844 -46 0
      vertex 57.7357 -19.8574 0
      vertex 58.0112 -19.7571 0
    endloop
  endfacet
  facet normal 0 0 -1
    outer loop
      vertex 74.7844 -46 0
      vertex 57.4504 -19.925 0
      vertex 57.7357 -19.8574 0
    endloop
  endfacet
  facet normal 0 0 -1
    outer loop
      vertex 74.7844 -46 0
      vertex 57.4454 -19.9262 0
      vertex 57.4504 -19.925 0
    endloop
  endfacet
  facet normal 0 0 -1
    outer loop
      vertex 65.5814 -53.9831 0
      vertex 57.4404 -19.9268 0
      vertex 57.4454 -19.9262 0
    endloop
  endfacet
  facet normal 0 0 -1
    outer loop
      vertex 65.5814 -53.9831 0
      vertex 57.1492 -19.9608 0
      vertex 57.4404 -19.9268 0
    endloop
  endfacet
  facet normal 0 0 -1
    outer loop
      vertex 65.5814 -53.9831 0
      vertex 56.8508 -19.9608 0
      vertex 57.1492 -19.9608 0
    endloop
  endfacet
  facet normal 0 0 -1
    outer loop
      vertex 65.5814 -53.9831 0
      vertex 56.5596 -19.9268 0
      vertex 56.8508 -19.9608 0
    endloop
  endfacet
  facet normal 0 0 -1
    outer loop
      vertex 65.5814 -53.9831 0
      vertex 56.5546 -19.9262 0
      vertex 56.5596 -19.9268 0
    endloop
  endfacet
  facet normal 0 0 -1
    outer loop
      vertex 65.5814 -53.9831 0
      vertex 56.5496 -19.925 0
      vertex 56.5546 -19.9262 0
    endloop
  endfacet
  facet normal 0 0 -1
    outer loop
      vertex 65.5814 -53.9831 0
      vertex 56.2643 -19.8574 0
      vertex 56.5496 -19.925 0
    endloop
  endfacet
  facet normal 0 0 -1
    outer loop
      vertex 65.5814 -53.9831 0
      vertex 55.9888 -19.7571 0
      vertex 56.2643 -19.8574 0
    endloop
  endfacet
  facet normal 0 0 -1
    outer loop
      vertex 65.5814 -53.9831 0
      vertex 55.984 -19.7554 0
      vertex 55.9888 -19.7571 0
    endloop
  endfacet
  facet normal 0 0 -1
    outer loop
      vertex 65.5814 -53.9831 0
      vertex 55.722 -19.6238 0
      vertex 55.984 -19.7554 0
    endloop
  endfacet
  facet normal 0 0 -1
    outer loop
      vertex 65.5814 -53.9831 0
      vertex 55.7174 -19.6215 0
      vertex 55.722 -19.6238 0
    endloop
  endfacet
  facet normal 0 0 -1
    outer loop
      vertex 65.5814 -53.9831 0
      vertex 55.4725 -19.4604 0
      vertex 55.7174 -19.6215 0
    endloop
  endfacet
  facet normal 0 0 -1
    outer loop
      vertex 65.5814 -53.9831 0
      vertex 55.4682 -19.4576 0
      vertex 55.4725 -19.4604 0
    endloop
  endfacet
  facet normal 0 0 -1
    outer loop
      vertex 65.5814 -53.9831 0
      vertex 55.2436 -19.2691 0
      vertex 55.4682 -19.4576 0
    endloop
  endfacet
  facet normal 0 0 -1
    outer loop
      vertex 65.5814 -53.9831 0
      vertex 55.2397 -19.2658 0
      vertex 55.2436 -19.2691 0
    endloop
  endfacet
  facet normal 0 0 -1
    outer loop
      vertex 65.5814 -53.9831 0
      vertex 55.2362 -19.2621 0
      vertex 55.2397 -19.2658 0
    endloop
  endfacet
  facet normal 0 0 -1
    outer loop
      vertex 65.5814 -53.9831 0
      vertex 55.035 -19.0488 0
      vertex 55.2362 -19.2621 0
    endloop
  endfacet
  facet normal 0 0 -1
    outer loop
      vertex 65.5814 -53.9831 0
      vertex 55.0319 -19.0447 0
      vertex 55.035 -19.0488 0
    endloop
  endfacet
  facet normal 0 0 -1
    outer loop
      vertex 65.5814 -53.9831 0
      vertex 54.8568 -18.8096 0
      vertex 55.0319 -19.0447 0
    endloop
  endfacet
  facet normal 0 0 -1
    outer loop
      vertex 47 -10 0
      vertex 54.8568 -18.8096 0
      vertex 65.5814 -53.9831 0
    endloop
  endfacet
  facet normal 0 0 -1
    outer loop
      vertex 54.8568 -18.8096 0
      vertex 47 -10 0
      vertex 54.7103 -18.5557 0
    endloop
  endfacet
  facet normal 0 0 -1
    outer loop
      vertex 54.7103 -18.5557 0
      vertex 47 -10 0
      vertex 54.7077 -18.5512 0
    endloop
  endfacet
  facet normal 0 0 -1
    outer loop
      vertex 54.7077 -18.5512 0
      vertex 47 -10 0
      vertex 54.5916 -18.282 0
    endloop
  endfacet
  facet normal 0 0 -1
    outer loop
      vertex 47 -10 0
      vertex 54.5881 -18.2724 0
      vertex 54.5895 -18.2773 0
    endloop
  endfacet
  facet normal 0 0 -1
    outer loop
      vertex 47 -10 0
      vertex 54.4531 -17.7028 0
      vertex 54.504 -17.9916 0
    endloop
  endfacet
  facet normal 0 0 -1
    outer loop
      vertex 47 -10 0
      vertex 54.4519 -17.6927 0
      vertex 54.4522 -17.6978 0
    endloop
  endfacet
  facet normal 0 0 -1
    outer loop
      vertex 54.4519 -17.6927 0
      vertex 47 -10 0
      vertex 54.4348 -17.4 0
    endloop
  endfacet
  facet normal 0 0 -1
    outer loop
      vertex 54.4531 -17.7028 0
      vertex 47 -10 0
      vertex 54.4522 -17.6978 0
    endloop
  endfacet
  facet normal 0 0 -1
    outer loop
      vertex 54.5881 -18.2724 0
      vertex 47 -10 0
      vertex 54.504 -17.9916 0
    endloop
  endfacet
  facet normal 0 0 -1
    outer loop
      vertex 54.5916 -18.282 0
      vertex 47 -10 0
      vertex 54.5895 -18.2773 0
    endloop
  endfacet
  facet normal -0 0 -1
    outer loop
      vertex 47 -10 0
      vertex -65.5814 -53.9831 0
      vertex 47 10 0
    endloop
  endfacet
  facet normal 0 0 -1
    outer loop
      vertex -65.5814 -53.9831 0
      vertex 47 -10 0
      vertex 65.5814 -53.9831 0
    endloop
  endfacet
  facet normal 0 0 -1
    outer loop
      vertex 59.5481 -17.6927 0
      vertex 75 -46 0
      vertex 74.7844 -46 0
    endloop
  endfacet
  facet normal 0 0 -1
    outer loop
      vertex 75 -46 0
      vertex 67 -10 0
      vertex 75 46 0
    endloop
  endfacet
  facet normal 0 0 -1
    outer loop
      vertex 74.3969 -47.4202 0
      vertex 74.7844 -46 0
      vertex 74.7304 -46.3062 0
    endloop
  endfacet
  facet normal 0 0 -1
    outer loop
      vertex 67 10 0
      vertex 75 46 0
      vertex 67 -10 0
    endloop
  endfacet
  facet normal 0 0 -1
    outer loop
      vertex 74.7844 -46 0
      vertex 74.3969 -47.4202 0
      vertex 65.5814 -53.9831 0
    endloop
  endfacet
  facet normal 0 0 -1
    outer loop
      vertex 59.2923 18.5512 0
      vertex 75 46 0
      vertex 67 10 0
    endloop
  endfacet
  facet normal 0 0 -1
    outer loop
      vertex 65.5814 -53.9831 0
      vertex 74.3969 -47.4202 0
      vertex 73.9363 -48.488 0
    endloop
  endfacet
  facet normal 0 0 -1
    outer loop
      vertex 59.2897 18.5557 0
      vertex 75 46 0
      vertex 59.2923 18.5512 0
    endloop
  endfacet
  facet normal 0 0 -1
    outer loop
      vertex 65.5814 -53.9831 0
      vertex 73.9363 -48.488 0
      vertex 73.3549 -49.4951 0
    endloop
  endfacet
  facet normal -0 0 -1
    outer loop
      vertex 75 46 0
      vertex 59.2897 18.5557 0
      vertex 74.7844 46 0
    endloop
  endfacet
  facet normal 0 0 -1
    outer loop
      vertex 65.5814 -53.9831 0
      vertex 73.3549 -49.4951 0
      vertex 72.6604 -50.4279 0
    endloop
  endfacet
  facet normal 0 0 -1
    outer loop
      vertex 59.1432 18.8096 0
      vertex 74.7844 46 0
      vertex 59.2897 18.5557 0
    endloop
  endfacet
  facet normal 0 0 -1
    outer loop
      vertex 65.5814 -53.9831 0
      vertex 72.6604 -50.4279 0
      vertex 71.8624 -51.2737 0
    endloop
  endfacet
  facet normal 0 0 -1
    outer loop
      vertex 58.9681 19.0447 0
      vertex 74.7844 46 0
      vertex 59.1432 18.8096 0
    endloop
  endfacet
  facet normal 0 0 -1
    outer loop
      vertex 65.5814 -53.9831 0
      vertex 71.8624 -51.2737 0
      vertex 70.9716 -52.0212 0
    endloop
  endfacet
  facet normal 0 0 -1
    outer loop
      vertex 58.965 19.0488 0
      vertex 74.7844 46 0
      vertex 58.9681 19.0447 0
    endloop
  endfacet
  facet normal 0 0 -1
    outer loop
      vertex 65.5814 -53.9831 0
      vertex 70.9716 -52.0212 0
      vertex 70 -52.6602 0
    endloop
  endfacet
  facet normal 0 0 -1
    outer loop
      vertex 58.7638 19.2621 0
      vertex 74.7844 46 0
      vertex 58.965 19.0488 0
    endloop
  endfacet
  facet normal 0 0 -1
    outer loop
      vertex 65.5814 -53.9831 0
      vertex 70 -52.6602 0
      vertex 68.9608 -53.1822 0
    endloop
  endfacet
  facet normal 0 0 -1
    outer loop
      vertex 58.7603 19.2658 0
      vertex 74.7844 46 0
      vertex 58.7638 19.2621 0
    endloop
  endfacet
  facet normal 0 0 -1
    outer loop
      vertex 65.5814 -53.9831 0
      vertex 68.9608 -53.1822 0
      vertex 67.868 -53.5799 0
    endloop
  endfacet
  facet normal 0 0 -1
    outer loop
      vertex 58.7564 19.2691 0
      vertex 74.7844 46 0
      vertex 58.7603 19.2658 0
    endloop
  endfacet
  facet normal 0 0 -1
    outer loop
      vertex 58.5318 19.4576 0
      vertex 74.7844 46 0
      vertex 58.7564 19.2691 0
    endloop
  endfacet
  facet normal 0 0 -1
    outer loop
      vertex 65.5814 -53.9831 0
      vertex 67.868 -53.5799 0
      vertex 66.7365 -53.8481 0
    endloop
  endfacet
  facet normal 0 0 -1
    outer loop
      vertex 57.4454 -19.9262 0
      vertex 74.7844 -46 0
      vertex 65.5814 -53.9831 0
    endloop
  endfacet
  facet normal 0 0 -1
    outer loop
      vertex 59.5481 -17.6927 0
      vertex 67 -10 0
      vertex 75 -46 0
    endloop
  endfacet
  facet normal 0 0 -1
    outer loop
      vertex 59.5481 -17.1073 0
      vertex 67 -10 0
      vertex 59.5652 -17.4 0
    endloop
  endfacet
  facet normal 0 0 -1
    outer loop
      vertex 59.5478 -17.1022 0
      vertex 67 -10 0
      vertex 59.5481 -17.1073 0
    endloop
  endfacet
  facet normal 0 0 -1
    outer loop
      vertex 59.5469 -17.0972 0
      vertex 67 -10 0
      vertex 59.5478 -17.1022 0
    endloop
  endfacet
  facet normal 0 0 -1
    outer loop
      vertex 59.496 -16.8084 0
      vertex 67 -10 0
      vertex 59.5469 -17.0972 0
    endloop
  endfacet
  facet normal 0 0 -1
    outer loop
      vertex 59.4119 -16.5276 0
      vertex 67 -10 0
      vertex 59.496 -16.8084 0
    endloop
  endfacet
  facet normal 0 0 -1
    outer loop
      vertex 59.4105 -16.5227 0
      vertex 67 -10 0
      vertex 59.4119 -16.5276 0
    endloop
  endfacet
  facet normal 0 0 -1
    outer loop
      vertex 59.2943 -16.2535 0
      vertex 67 -10 0
      vertex 59.4105 -16.5227 0
    endloop
  endfacet
  facet normal 0 0 -1
    outer loop
      vertex 59.2923 -16.2488 0
      vertex 67 -10 0
      vertex 59.2943 -16.2535 0
    endloop
  endfacet
  facet normal 0 0 -1
    outer loop
      vertex 59.2897 -16.2443 0
      vertex 67 -10 0
      vertex 59.2923 -16.2488 0
    endloop
  endfacet
  facet normal 0 0 -1
    outer loop
      vertex 59.1432 -15.9904 0
      vertex 67 -10 0
      vertex 59.2897 -16.2443 0
    endloop
  endfacet
  facet normal 0 0 -1
    outer loop
      vertex 58.9681 -15.7553 0
      vertex 67 -10 0
      vertex 59.1432 -15.9904 0
    endloop
  endfacet
  facet normal 0 0 -1
    outer loop
      vertex 58.965 -15.7512 0
      vertex 67 -10 0
      vertex 58.9681 -15.7553 0
    endloop
  endfacet
  facet normal 0 0 -1
    outer loop
      vertex 58.9615 -15.7474 0
      vertex 67 -10 0
      vertex 58.965 -15.7512 0
    endloop
  endfacet
  facet normal 0 0 -1
    outer loop
      vertex 58.7603 -15.5342 0
      vertex 67 -10 0
      vertex 58.9615 -15.7474 0
    endloop
  endfacet
  facet normal 0 0 -1
    outer loop
      vertex 58.5357 -15.3457 0
      vertex 67 -10 0
      vertex 58.7603 -15.5342 0
    endloop
  endfacet
  facet normal 0 0 -1
    outer loop
      vertex 58.5318 -15.3424 0
      vertex 67 -10 0
      vertex 58.5357 -15.3457 0
    endloop
  endfacet
  facet normal 0 0 -1
    outer loop
      vertex 58.5275 -15.3396 0
      vertex 67 -10 0
      vertex 58.5318 -15.3424 0
    endloop
  endfacet
  facet normal 0 0 -1
    outer loop
      vertex 58.2826 -15.1785 0
      vertex 67 -10 0
      vertex 58.5275 -15.3396 0
    endloop
  endfacet
  facet normal 0 0 -1
    outer loop
      vertex 58.0206 -15.0469 0
      vertex 67 -10 0
      vertex 58.2826 -15.1785 0
    endloop
  endfacet
  facet normal 0 0 -1
    outer loop
      vertex 58.016 -15.0446 0
      vertex 67 -10 0
      vertex 58.0206 -15.0469 0
    endloop
  endfacet
  facet normal 0 0 -1
    outer loop
      vertex 57.7405 -14.9444 0
      vertex 67 -10 0
      vertex 58.016 -15.0446 0
    endloop
  endfacet
  facet normal 0 0 -1
    outer loop
      vertex 57.7357 -14.9426 0
      vertex 67 -10 0
      vertex 57.7405 -14.9444 0
    endloop
  endfacet
  facet normal 0 0 -1
    outer loop
      vertex 57.4504 -14.875 0
      vertex 67 -10 0
      vertex 57.7357 -14.9426 0
    endloop
  endfacet
  facet normal 0 0 -1
    outer loop
      vertex 57.4454 -14.8738 0
      vertex 67 -10 0
      vertex 57.4504 -14.875 0
    endloop
  endfacet
  facet normal 0 0 -1
    outer loop
      vertex 57.4404 -14.8732 0
      vertex 67 -10 0
      vertex 57.4454 -14.8738 0
    endloop
  endfacet
  facet normal 0 0 -1
    outer loop
      vertex 57.1492 -14.8392 0
      vertex 67 -10 0
      vertex 57.4404 -14.8732 0
    endloop
  endfacet
  facet normal 0 0 -1
    outer loop
      vertex 56.8508 -14.8392 0
      vertex 67 -10 0
      vertex 57.1492 -14.8392 0
    endloop
  endfacet
  facet normal 0 0 -1
    outer loop
      vertex 47 -10 0
      vertex 56.8508 -14.8392 0
      vertex 56.5596 -14.8732 0
    endloop
  endfacet
  facet normal 0 0 -1
    outer loop
      vertex 47 -10 0
      vertex 56.5596 -14.8732 0
      vertex 56.5546 -14.8738 0
    endloop
  endfacet
  facet normal 0 0 -1
    outer loop
      vertex 47 -10 0
      vertex 56.5546 -14.8738 0
      vertex 56.5496 -14.875 0
    endloop
  endfacet
  facet normal 0 0 -1
    outer loop
      vertex 47 -10 0
      vertex 56.5496 -14.875 0
      vertex 56.2643 -14.9426 0
    endloop
  endfacet
  facet normal 0 0 -1
    outer loop
      vertex 47 -10 0
      vertex 56.2643 -14.9426 0
      vertex 56.2595 -14.9444 0
    endloop
  endfacet
  facet normal 0 0 -1
    outer loop
      vertex 47 -10 0
      vertex 56.2595 -14.9444 0
      vertex 55.984 -15.0446 0
    endloop
  endfacet
  facet normal 0 0 -1
    outer loop
      vertex 47 -10 0
      vertex 55.9794 -15.0469 0
      vertex 55.7174 -15.1785 0
    endloop
  endfacet
  facet normal 0 0 -1
    outer loop
      vertex 47 -10 0
      vertex 55.4643 -15.3457 0
      vertex 55.2397 -15.5342 0
    endloop
  endfacet
  facet normal 0 0 -1
    outer loop
      vertex 47 -10 0
      vertex 55.0385 -15.7474 0
      vertex 55.035 -15.7512 0
    endloop
  endfacet
  facet normal 0 0 -1
    outer loop
      vertex 47 -10 0
      vertex 55.0319 -15.7553 0
      vertex 54.8568 -15.9904 0
    endloop
  endfacet
  facet normal 0 0 -1
    outer loop
      vertex 47 -10 0
      vertex 54.7103 -16.2443 0
      vertex 54.7077 -16.2488 0
    endloop
  endfacet
  facet normal 0 0 -1
    outer loop
      vertex 47 -10 0
      vertex 54.7057 -16.2535 0
      vertex 54.5895 -16.5227 0
    endloop
  endfacet
  facet normal 0 0 -1
    outer loop
      vertex 47 -10 0
      vertex 54.5881 -16.5276 0
      vertex 54.504 -16.8084 0
    endloop
  endfacet
  facet normal 0 0 -1
    outer loop
      vertex 47 -10 0
      vertex 54.4531 -17.0972 0
      vertex 54.4522 -17.1022 0
    endloop
  endfacet
  facet normal 0 0 -1
    outer loop
      vertex 47 -10 0
      vertex 54.4519 -17.1073 0
      vertex 54.4348 -17.4 0
    endloop
  endfacet
  facet normal 0 0 -1
    outer loop
      vertex 56.8508 -14.8392 0
      vertex 47 -10 0
      vertex 67 -10 0
    endloop
  endfacet
  facet normal 0 0 -1
    outer loop
      vertex 55.9794 -15.0469 0
      vertex 47 -10 0
      vertex 55.984 -15.0446 0
    endloop
  endfacet
  facet normal 0 0 -1
    outer loop
      vertex 55.4725 -15.3396 0
      vertex 47 -10 0
      vertex 55.7174 -15.1785 0
    endloop
  endfacet
  facet normal 0 0 -1
    outer loop
      vertex 55.4682 -15.3424 0
      vertex 47 -10 0
      vertex 55.4725 -15.3396 0
    endloop
  endfacet
  facet normal 0 0 -1
    outer loop
      vertex 55.4643 -15.3457 0
      vertex 47 -10 0
      vertex 55.4682 -15.3424 0
    endloop
  endfacet
  facet normal 0 0 -1
    outer loop
      vertex 55.0385 -15.7474 0
      vertex 47 -10 0
      vertex 55.2397 -15.5342 0
    endloop
  endfacet
  facet normal 0 0 -1
    outer loop
      vertex 55.0319 -15.7553 0
      vertex 47 -10 0
      vertex 55.035 -15.7512 0
    endloop
  endfacet
  facet normal 0 0 -1
    outer loop
      vertex 54.7103 -16.2443 0
      vertex 47 -10 0
      vertex 54.8568 -15.9904 0
    endloop
  endfacet
  facet normal 0 0 -1
    outer loop
      vertex 54.7057 -16.2535 0
      vertex 47 -10 0
      vertex 54.7077 -16.2488 0
    endloop
  endfacet
  facet normal 0 0 -1
    outer loop
      vertex 54.5881 -16.5276 0
      vertex 47 -10 0
      vertex 54.5895 -16.5227 0
    endloop
  endfacet
  facet normal 0 0 -1
    outer loop
      vertex 54.4531 -17.0972 0
      vertex 47 -10 0
      vertex 54.504 -16.8084 0
    endloop
  endfacet
  facet normal 0 0 -1
    outer loop
      vertex 54.4519 -17.1073 0
      vertex 47 -10 0
      vertex 54.4522 -17.1022 0
    endloop
  endfacet
  facet normal 0 0 -1
    outer loop
      vertex 58.5275 19.4604 0
      vertex 74.7844 46 0
      vertex 58.5318 19.4576 0
    endloop
  endfacet
  facet normal 0 0 -1
    outer loop
      vertex 58.2826 19.6215 0
      vertex 74.7844 46 0
      vertex 58.5275 19.4604 0
    endloop
  endfacet
  facet normal 0 0 -1
    outer loop
      vertex 58.278 19.6238 0
      vertex 74.7844 46 0
      vertex 58.2826 19.6215 0
    endloop
  endfacet
  facet normal 0 0 -1
    outer loop
      vertex 59.5481 17.6927 0
      vertex 67 10 0
      vertex 59.5652 17.4 0
    endloop
  endfacet
  facet normal 0 0 -1
    outer loop
      vertex 67 10 0
      vertex 59.5481 17.1073 0
      vertex 59.5652 17.4 0
    endloop
  endfacet
  facet normal 0 0 -1
    outer loop
      vertex 67 10 0
      vertex 59.5478 17.1022 0
      vertex 59.5481 17.1073 0
    endloop
  endfacet
  facet normal 0 0 -1
    outer loop
      vertex 67 10 0
      vertex 59.5469 17.0972 0
      vertex 59.5478 17.1022 0
    endloop
  endfacet
  facet normal 0 0 -1
    outer loop
      vertex 67 10 0
      vertex 59.496 16.8084 0
      vertex 59.5469 17.0972 0
    endloop
  endfacet
  facet normal 0 0 -1
    outer loop
      vertex 67 10 0
      vertex 59.4119 16.5276 0
      vertex 59.496 16.8084 0
    endloop
  endfacet
  facet normal 0 0 -1
    outer loop
      vertex 67 10 0
      vertex 59.4105 16.5227 0
      vertex 59.4119 16.5276 0
    endloop
  endfacet
  facet normal 0 0 -1
    outer loop
      vertex 67 10 0
      vertex 59.2943 16.2535 0
      vertex 59.4105 16.5227 0
    endloop
  endfacet
  facet normal 0 0 -1
    outer loop
      vertex 67 10 0
      vertex 59.2923 16.2488 0
      vertex 59.2943 16.2535 0
    endloop
  endfacet
  facet normal 0 0 -1
    outer loop
      vertex 67 10 0
      vertex 59.2897 16.2443 0
      vertex 59.2923 16.2488 0
    endloop
  endfacet
  facet normal 0 0 -1
    outer loop
      vertex 67 10 0
      vertex 59.1432 15.9904 0
      vertex 59.2897 16.2443 0
    endloop
  endfacet
  facet normal 0 0 -1
    outer loop
      vertex 67 10 0
      vertex 58.9681 15.7553 0
      vertex 59.1432 15.9904 0
    endloop
  endfacet
  facet normal 0 0 -1
    outer loop
      vertex 67 10 0
      vertex 58.965 15.7512 0
      vertex 58.9681 15.7553 0
    endloop
  endfacet
  facet normal 0 0 -1
    outer loop
      vertex 67 10 0
      vertex 58.9615 15.7474 0
      vertex 58.965 15.7512 0
    endloop
  endfacet
  facet normal 0 0 -1
    outer loop
      vertex 67 10 0
      vertex 58.7603 15.5342 0
      vertex 58.9615 15.7474 0
    endloop
  endfacet
  facet normal 0 0 -1
    outer loop
      vertex 67 10 0
      vertex 58.5357 15.3457 0
      vertex 58.7603 15.5342 0
    endloop
  endfacet
  facet normal 0 0 -1
    outer loop
      vertex 67 10 0
      vertex 58.5318 15.3424 0
      vertex 58.5357 15.3457 0
    endloop
  endfacet
  facet normal 0 0 -1
    outer loop
      vertex 67 10 0
      vertex 58.5275 15.3396 0
      vertex 58.5318 15.3424 0
    endloop
  endfacet
  facet normal 0 0 -1
    outer loop
      vertex 67 10 0
      vertex 58.2826 15.1785 0
      vertex 58.5275 15.3396 0
    endloop
  endfacet
  facet normal 0 0 -1
    outer loop
      vertex 67 10 0
      vertex 58.0206 15.0469 0
      vertex 58.2826 15.1785 0
    endloop
  endfacet
  facet normal 0 0 -1
    outer loop
      vertex 67 10 0
      vertex 58.016 15.0446 0
      vertex 58.0206 15.0469 0
    endloop
  endfacet
  facet normal 0 0 -1
    outer loop
      vertex 67 10 0
      vertex 57.7405 14.9444 0
      vertex 58.016 15.0446 0
    endloop
  endfacet
  facet normal 0 0 -1
    outer loop
      vertex 67 10 0
      vertex 57.7357 14.9426 0
      vertex 57.7405 14.9444 0
    endloop
  endfacet
  facet normal 0 0 -1
    outer loop
      vertex 67 10 0
      vertex 57.4504 14.875 0
      vertex 57.7357 14.9426 0
    endloop
  endfacet
  facet normal 0 0 -1
    outer loop
      vertex 67 10 0
      vertex 57.4454 14.8738 0
      vertex 57.4504 14.875 0
    endloop
  endfacet
  facet normal 0 0 -1
    outer loop
      vertex 67 10 0
      vertex 57.4404 14.8732 0
      vertex 57.4454 14.8738 0
    endloop
  endfacet
  facet normal 0 0 -1
    outer loop
      vertex 67 10 0
      vertex 57.1492 14.8392 0
      vertex 57.4404 14.8732 0
    endloop
  endfacet
  facet normal 0 0 -1
    outer loop
      vertex 67 10 0
      vertex 56.8508 14.8392 0
      vertex 57.1492 14.8392 0
    endloop
  endfacet
  facet normal 0 0 -1
    outer loop
      vertex 47 10 0
      vertex 56.8508 14.8392 0
      vertex 67 10 0
    endloop
  endfacet
  facet normal -0 0 -1
    outer loop
      vertex 56.8508 14.8392 0
      vertex 47 10 0
      vertex 56.5596 14.8732 0
    endloop
  endfacet
  facet normal -0 0 -1
    outer loop
      vertex 56.5596 14.8732 0
      vertex 47 10 0
      vertex 56.5546 14.8738 0
    endloop
  endfacet
  facet normal -0 0 -1
    outer loop
      vertex 56.5546 14.8738 0
      vertex 47 10 0
      vertex 56.5496 14.875 0
    endloop
  endfacet
  facet normal -0 0 -1
    outer loop
      vertex 56.5496 14.875 0
      vertex 47 10 0
      vertex 56.2643 14.9426 0
    endloop
  endfacet
  facet normal -0 0 -1
    outer loop
      vertex 56.2643 14.9426 0
      vertex 47 10 0
      vertex 56.2595 14.9444 0
    endloop
  endfacet
  facet normal 0 0 -1
    outer loop
      vertex 47 10 0
      vertex 55.9794 15.0469 0
      vertex 55.984 15.0446 0
    endloop
  endfacet
  facet normal 0 0 -1
    outer loop
      vertex 47 10 0
      vertex 55.4643 15.3457 0
      vertex 55.4682 15.3424 0
    endloop
  endfacet
  facet normal 0 0 -1
    outer loop
      vertex 47 10 0
      vertex 55.0385 15.7474 0
      vertex 55.2397 15.5342 0
    endloop
  endfacet
  facet normal 0 0 -1
    outer loop
      vertex 47 10 0
      vertex 55.0319 15.7553 0
      vertex 55.035 15.7512 0
    endloop
  endfacet
  facet normal 0 0 -1
    outer loop
      vertex 47 10 0
      vertex 54.7103 16.2443 0
      vertex 54.8568 15.9904 0
    endloop
  endfacet
  facet normal 0 0 -1
    outer loop
      vertex 47 10 0
      vertex 54.7057 16.2535 0
      vertex 54.7077 16.2488 0
    endloop
  endfacet
  facet normal 0 0 -1
    outer loop
      vertex 47 10 0
      vertex 54.5881 16.5276 0
      vertex 54.5895 16.5227 0
    endloop
  endfacet
  facet normal 0 0 -1
    outer loop
      vertex 47 10 0
      vertex 54.4531 17.0972 0
      vertex 54.504 16.8084 0
    endloop
  endfacet
  facet normal 0 0 -1
    outer loop
      vertex 47 10 0
      vertex 54.4519 17.1073 0
      vertex 54.4522 17.1022 0
    endloop
  endfacet
  facet normal -0 0 -1
    outer loop
      vertex 54.4519 17.1073 0
      vertex 47 10 0
      vertex 54.4348 17.4 0
    endloop
  endfacet
  facet normal -0 0 -1
    outer loop
      vertex 54.4531 17.0972 0
      vertex 47 10 0
      vertex 54.4522 17.1022 0
    endloop
  endfacet
  facet normal -0 0 -1
    outer loop
      vertex 54.5881 16.5276 0
      vertex 47 10 0
      vertex 54.504 16.8084 0
    endloop
  endfacet
  facet normal -0 0 -1
    outer loop
      vertex 54.7057 16.2535 0
      vertex 47 10 0
      vertex 54.5895 16.5227 0
    endloop
  endfacet
  facet normal -0 0 -1
    outer loop
      vertex 54.7103 16.2443 0
      vertex 47 10 0
      vertex 54.7077 16.2488 0
    endloop
  endfacet
  facet normal -0 0 -1
    outer loop
      vertex 55.0319 15.7553 0
      vertex 47 10 0
      vertex 54.8568 15.9904 0
    endloop
  endfacet
  facet normal -0 0 -1
    outer loop
      vertex 55.0385 15.7474 0
      vertex 47 10 0
      vertex 55.035 15.7512 0
    endloop
  endfacet
  facet normal -0 0 -1
    outer loop
      vertex 55.4643 15.3457 0
      vertex 47 10 0
      vertex 55.2397 15.5342 0
    endloop
  endfacet
  facet normal -0 0 -1
    outer loop
      vertex 55.4725 15.3396 0
      vertex 47 10 0
      vertex 55.4682 15.3424 0
    endloop
  endfacet
  facet normal -0 0 -1
    outer loop
      vertex 55.7174 15.1785 0
      vertex 47 10 0
      vertex 55.4725 15.3396 0
    endloop
  endfacet
  facet normal -0 0 -1
    outer loop
      vertex 55.9794 15.0469 0
      vertex 47 10 0
      vertex 55.7174 15.1785 0
    endloop
  endfacet
  facet normal -0 0 -1
    outer loop
      vertex 56.2595 14.9444 0
      vertex 47 10 0
      vertex 55.984 15.0446 0
    endloop
  endfacet
  facet normal 0 0 -1
    outer loop
      vertex 59.5478 17.6978 0
      vertex 67 10 0
      vertex 59.5481 17.6927 0
    endloop
  endfacet
  facet normal 0 0 -1
    outer loop
      vertex 59.5469 17.7028 0
      vertex 67 10 0
      vertex 59.5478 17.6978 0
    endloop
  endfacet
  facet normal 0 0 -1
    outer loop
      vertex 59.496 17.9916 0
      vertex 67 10 0
      vertex 59.5469 17.7028 0
    endloop
  endfacet
  facet normal 0 0 -1
    outer loop
      vertex 59.4119 18.2724 0
      vertex 67 10 0
      vertex 59.496 17.9916 0
    endloop
  endfacet
  facet normal 0 0 -1
    outer loop
      vertex 59.4105 18.2773 0
      vertex 67 10 0
      vertex 59.4119 18.2724 0
    endloop
  endfacet
  facet normal 0 0 -1
    outer loop
      vertex 59.4084 18.282 0
      vertex 67 10 0
      vertex 59.4105 18.2773 0
    endloop
  endfacet
  facet normal 0 0 -1
    outer loop
      vertex 59.2923 18.5512 0
      vertex 67 10 0
      vertex 59.4084 18.282 0
    endloop
  endfacet
  facet normal 0 0 -1
    outer loop
      vertex 58.016 19.7554 0
      vertex 74.7844 46 0
      vertex 58.278 19.6238 0
    endloop
  endfacet
  facet normal 0 0 -1
    outer loop
      vertex 58.0112 19.7571 0
      vertex 74.7844 46 0
      vertex 58.016 19.7554 0
    endloop
  endfacet
  facet normal 0 0 -1
    outer loop
      vertex 57.7357 19.8574 0
      vertex 74.7844 46 0
      vertex 58.0112 19.7571 0
    endloop
  endfacet
  facet normal 0 0 -1
    outer loop
      vertex 57.4504 19.925 0
      vertex 74.7844 46 0
      vertex 57.7357 19.8574 0
    endloop
  endfacet
  facet normal 0 0 -1
    outer loop
      vertex 57.4454 19.9262 0
      vertex 74.7844 46 0
      vertex 57.4504 19.925 0
    endloop
  endfacet
  facet normal 0 -0 -1
    outer loop
      vertex 65.5814 53.9831 0
      vertex 74.7844 46 0
      vertex 57.4454 19.9262 0
    endloop
  endfacet
  facet normal -0 -0 -1
    outer loop
      vertex 74.3969 47.4202 0
      vertex 74.7844 46 0
      vertex 65.5814 53.9831 0
    endloop
  endfacet
  facet normal 0 0 -1
    outer loop
      vertex 74.7844 46 0
      vertex 74.3969 47.4202 0
      vertex 74.7304 46.3062 0
    endloop
  endfacet
  facet normal 0 0 -1
    outer loop
      vertex 73.3549 49.4951 0
      vertex 65.5814 53.9831 0
      vertex 72.6604 50.4279 0
    endloop
  endfacet
  facet normal 0 0 -1
    outer loop
      vertex 72.6604 50.4279 0
      vertex 65.5814 53.9831 0
      vertex 71.8624 51.2737 0
    endloop
  endfacet
  facet normal 0 0 -1
    outer loop
      vertex 71.8624 51.2737 0
      vertex 65.5814 53.9831 0
      vertex 70.9716 52.0212 0
    endloop
  endfacet
  facet normal 0 0 -1
    outer loop
      vertex 70.9716 52.0212 0
      vertex 65.5814 53.9831 0
      vertex 70 52.6602 0
    endloop
  endfacet
  facet normal 0 0 -1
    outer loop
      vertex 67.868 53.5799 0
      vertex 65.5814 53.9831 0
      vertex 66.7365 53.8481 0
    endloop
  endfacet
  facet normal 0 0 -1
    outer loop
      vertex 70 52.6602 0
      vertex 65.5814 53.9831 0
      vertex 68.9608 53.1822 0
    endloop
  endfacet
  facet normal 0 0 -1
    outer loop
      vertex 68.9608 53.1822 0
      vertex 65.5814 53.9831 0
      vertex 67.868 53.5799 0
    endloop
  endfacet
  facet normal 0 0 -1
    outer loop
      vertex 74.3969 47.4202 0
      vertex 65.5814 53.9831 0
      vertex 73.9363 48.488 0
    endloop
  endfacet
  facet normal 0 0 -1
    outer loop
      vertex 73.9363 48.488 0
      vertex 65.5814 53.9831 0
      vertex 73.3549 49.4951 0
    endloop
  endfacet
  facet normal 0 0 -1
    outer loop
      vertex 57.4404 19.9268 0
      vertex 65.5814 53.9831 0
      vertex 57.4454 19.9262 0
    endloop
  endfacet
  facet normal 0 0 -1
    outer loop
      vertex 57.1492 19.9608 0
      vertex 65.5814 53.9831 0
      vertex 57.4404 19.9268 0
    endloop
  endfacet
  facet normal 0 0 -1
    outer loop
      vertex 56.8508 19.9608 0
      vertex 65.5814 53.9831 0
      vertex 57.1492 19.9608 0
    endloop
  endfacet
  facet normal 0 0 -1
    outer loop
      vertex 56.5596 19.9268 0
      vertex 65.5814 53.9831 0
      vertex 56.8508 19.9608 0
    endloop
  endfacet
  facet normal 0 0 -1
    outer loop
      vertex 56.5546 19.9262 0
      vertex 65.5814 53.9831 0
      vertex 56.5596 19.9268 0
    endloop
  endfacet
  facet normal 0 0 -1
    outer loop
      vertex 56.5496 19.925 0
      vertex 65.5814 53.9831 0
      vertex 56.5546 19.9262 0
    endloop
  endfacet
  facet normal 0 0 -1
    outer loop
      vertex 56.2643 19.8574 0
      vertex 65.5814 53.9831 0
      vertex 56.5496 19.925 0
    endloop
  endfacet
  facet normal 0 0 -1
    outer loop
      vertex 55.9888 19.7571 0
      vertex 65.5814 53.9831 0
      vertex 56.2643 19.8574 0
    endloop
  endfacet
  facet normal 0 0 -1
    outer loop
      vertex 55.984 19.7554 0
      vertex 65.5814 53.9831 0
      vertex 55.9888 19.7571 0
    endloop
  endfacet
  facet normal 0 0 -1
    outer loop
      vertex 55.722 19.6238 0
      vertex 65.5814 53.9831 0
      vertex 55.984 19.7554 0
    endloop
  endfacet
  facet normal 0 0 -1
    outer loop
      vertex 55.7174 19.6215 0
      vertex 65.5814 53.9831 0
      vertex 55.722 19.6238 0
    endloop
  endfacet
  facet normal 0 0 -1
    outer loop
      vertex 55.4725 19.4604 0
      vertex 65.5814 53.9831 0
      vertex 55.7174 19.6215 0
    endloop
  endfacet
  facet normal 0 0 -1
    outer loop
      vertex 55.4682 19.4576 0
      vertex 65.5814 53.9831 0
      vertex 55.4725 19.4604 0
    endloop
  endfacet
  facet normal 0 0 -1
    outer loop
      vertex 55.2436 19.2691 0
      vertex 65.5814 53.9831 0
      vertex 55.4682 19.4576 0
    endloop
  endfacet
  facet normal 0 0 -1
    outer loop
      vertex 55.2397 19.2658 0
      vertex 65.5814 53.9831 0
      vertex 55.2436 19.2691 0
    endloop
  endfacet
  facet normal 0 0 -1
    outer loop
      vertex 55.2362 19.2621 0
      vertex 65.5814 53.9831 0
      vertex 55.2397 19.2658 0
    endloop
  endfacet
  facet normal 0 0 -1
    outer loop
      vertex 55.035 19.0488 0
      vertex 65.5814 53.9831 0
      vertex 55.2362 19.2621 0
    endloop
  endfacet
  facet normal 0 0 -1
    outer loop
      vertex 55.0319 19.0447 0
      vertex 65.5814 53.9831 0
      vertex 55.035 19.0488 0
    endloop
  endfacet
  facet normal 0 0 -1
    outer loop
      vertex 54.8568 18.8096 0
      vertex 65.5814 53.9831 0
      vertex 55.0319 19.0447 0
    endloop
  endfacet
  facet normal 0 0 -1
    outer loop
      vertex 47 10 0
      vertex 54.8568 18.8096 0
      vertex 54.7103 18.5557 0
    endloop
  endfacet
  facet normal 0 0 -1
    outer loop
      vertex 47 10 0
      vertex 54.7103 18.5557 0
      vertex 54.7077 18.5512 0
    endloop
  endfacet
  facet normal 0 0 -1
    outer loop
      vertex 47 10 0
      vertex 54.7077 18.5512 0
      vertex 54.5916 18.282 0
    endloop
  endfacet
  facet normal 0 0 -1
    outer loop
      vertex 47 10 0
      vertex 54.5916 18.282 0
      vertex 54.5895 18.2773 0
    endloop
  endfacet
  facet normal 0 0 -1
    outer loop
      vertex 47 10 0
      vertex 54.5881 18.2724 0
      vertex 54.504 17.9916 0
    endloop
  endfacet
  facet normal 0 0 -1
    outer loop
      vertex 47 10 0
      vertex 54.4531 17.7028 0
      vertex 54.4522 17.6978 0
    endloop
  endfacet
  facet normal 0 0 -1
    outer loop
      vertex 47 10 0
      vertex 54.4519 17.6927 0
      vertex 54.4348 17.4 0
    endloop
  endfacet
  facet normal -0 0 -1
    outer loop
      vertex 54.4519 17.6927 0
      vertex 47 10 0
      vertex 54.4522 17.6978 0
    endloop
  endfacet
  facet normal -0 0 -1
    outer loop
      vertex 54.4531 17.7028 0
      vertex 47 10 0
      vertex 54.504 17.9916 0
    endloop
  endfacet
  facet normal -0 0 -1
    outer loop
      vertex 54.5881 18.2724 0
      vertex 47 10 0
      vertex 54.5895 18.2773 0
    endloop
  endfacet
  facet normal -0 0 -1
    outer loop
      vertex 54.8568 18.8096 0
      vertex 47 10 0
      vertex 65.5814 53.9831 0
    endloop
  endfacet
  facet normal 0 0 -1
    outer loop
      vertex -65.5814 53.9831 0
      vertex 47 10 0
      vertex -65.5814 -53.9831 0
    endloop
  endfacet
  facet normal 0 0 -1
    outer loop
      vertex 47 10 0
      vertex -65.5814 53.9831 0
      vertex 65.5814 53.9831 0
    endloop
  endfacet
  facet normal 0 0 -1
    outer loop
      vertex -74.7844 -46 0
      vertex -65.5814 -53.9831 0
      vertex -66.7365 -53.8481 0
    endloop
  endfacet
  facet normal 0 0 -1
    outer loop
      vertex -65.5814 -53.9831 0
      vertex -74.7844 -46 0
      vertex -65.5814 53.9831 0
    endloop
  endfacet
  facet normal 0 0 -1
    outer loop
      vertex -74.7844 -46 0
      vertex -66.7365 -53.8481 0
      vertex -67.868 -53.5799 0
    endloop
  endfacet
  facet normal 0 0 -1
    outer loop
      vertex -74.7844 46 0
      vertex -65.5814 53.9831 0
      vertex -74.7844 -46 0
    endloop
  endfacet
  facet normal 0 0 -1
    outer loop
      vertex -74.7844 -46 0
      vertex -67.868 -53.5799 0
      vertex -68.9608 -53.1822 0
    endloop
  endfacet
  facet normal 0 0 -1
    outer loop
      vertex -65.5814 53.9831 0
      vertex -74.7844 46 0
      vertex -66.7365 53.8481 0
    endloop
  endfacet
  facet normal 0 0 -1
    outer loop
      vertex -74.7844 -46 0
      vertex -68.9608 -53.1822 0
      vertex -70 -52.6602 0
    endloop
  endfacet
  facet normal 0 0 -1
    outer loop
      vertex -66.7365 53.8481 0
      vertex -74.7844 46 0
      vertex -67.868 53.5799 0
    endloop
  endfacet
  facet normal 0 0 -1
    outer loop
      vertex -74.7844 -46 0
      vertex -70 -52.6602 0
      vertex -70.9716 -52.0212 0
    endloop
  endfacet
  facet normal 0 0 -1
    outer loop
      vertex -67.868 53.5799 0
      vertex -74.7844 46 0
      vertex -68.9608 53.1822 0
    endloop
  endfacet
  facet normal 0 0 -1
    outer loop
      vertex -74.7844 -46 0
      vertex -70.9716 -52.0212 0
      vertex -71.8624 -51.2737 0
    endloop
  endfacet
  facet normal 0 0 -1
    outer loop
      vertex -68.9608 53.1822 0
      vertex -74.7844 46 0
      vertex -70 52.6602 0
    endloop
  endfacet
  facet normal 0 0 -1
    outer loop
      vertex -74.7844 -46 0
      vertex -71.8624 -51.2737 0
      vertex -72.6604 -50.4279 0
    endloop
  endfacet
  facet normal 0 0 -1
    outer loop
      vertex -70 52.6602 0
      vertex -74.7844 46 0
      vertex -70.9716 52.0212 0
    endloop
  endfacet
  facet normal 0 0 -1
    outer loop
      vertex -74.7844 -46 0
      vertex -72.6604 -50.4279 0
      vertex -73.3549 -49.4951 0
    endloop
  endfacet
  facet normal 0 0 -1
    outer loop
      vertex -70.9716 52.0212 0
      vertex -74.7844 46 0
      vertex -71.8624 51.2737 0
    endloop
  endfacet
  facet normal 0 0 -1
    outer loop
      vertex -74.7844 -46 0
      vertex -73.3549 -49.4951 0
      vertex -73.9363 -48.488 0
    endloop
  endfacet
  facet normal 0 0 -1
    outer loop
      vertex -71.8624 51.2737 0
      vertex -74.7844 46 0
      vertex -72.6604 50.4279 0
    endloop
  endfacet
  facet normal 0 0 -1
    outer loop
      vertex -74.7844 -46 0
      vertex -73.9363 -48.488 0
      vertex -74.3969 -47.4202 0
    endloop
  endfacet
  facet normal 0 0 -1
    outer loop
      vertex -72.6604 50.4279 0
      vertex -74.7844 46 0
      vertex -73.3549 49.4951 0
    endloop
  endfacet
  facet normal 0 0 -1
    outer loop
      vertex -74.7844 -46 0
      vertex -74.3969 -47.4202 0
      vertex -74.7304 -46.3062 0
    endloop
  endfacet
  facet normal 0 0 -1
    outer loop
      vertex -73.3549 49.4951 0
      vertex -74.7844 46 0
      vertex -73.9363 48.488 0
    endloop
  endfacet
  facet normal 0 0 -1
    outer loop
      vertex -73.9363 48.488 0
      vertex -74.7844 46 0
      vertex -74.3969 47.4202 0
    endloop
  endfacet
  facet normal 0 0 -1
    outer loop
      vertex -74.3969 47.4202 0
      vertex -74.7844 46 0
      vertex -74.7304 46.3062 0
    endloop
  endfacet
  facet normal 0 0 -1
    outer loop
      vertex -75 -46 0
      vertex -74.7844 46 0
      vertex -74.7844 -46 0
    endloop
  endfacet
  facet normal -0 0 -1
    outer loop
      vertex -74.7844 46 0
      vertex -75 -46 0
      vertex -75 46 0
    endloop
  endfacet
  facet normal 1 0 0
    outer loop
      vertex 75 -37 34
      vertex 75 -13.2 58
      vertex 75 -37 58
    endloop
  endfacet
  facet normal 1 0 0
    outer loop
      vertex 75 37 58
      vertex 75 13.2 58
      vertex 75 37 34
    endloop
  endfacet
  facet normal 1 0 0
    outer loop
      vertex 75 44 34
      vertex 75 37 34
      vertex 75 44 8
    endloop
  endfacet
  facet normal 1 -0 0
    outer loop
      vertex 75 44 8
      vertex 75 46 0
      vertex 75 46 8
    endloop
  endfacet
  facet normal 1 -0 0
    outer loop
      vertex 75 13.2 33.5
      vertex 75 44 8
      vertex 75 37 34
    endloop
  endfacet
  facet normal 1 0 0
    outer loop
      vertex 75 13.2 33.5
      vertex 75 37 34
      vertex 75 13.2 58
    endloop
  endfacet
  facet normal 1 0 0
    outer loop
      vertex 75 44 8
      vertex 75 13.2 33.5
      vertex 75 46 0
    endloop
  endfacet
  facet normal 1 -0 0
    outer loop
      vertex 75 -13.2 33.5
      vertex 75 46 0
      vertex 75 13.2 33.5
    endloop
  endfacet
  facet normal 1 0 0
    outer loop
      vertex 75 -13.2 58
      vertex 75 -37 34
      vertex 75 -13.2 33.5
    endloop
  endfacet
  facet normal 1 0 0
    outer loop
      vertex 75 -44 8
      vertex 75 -13.2 33.5
      vertex 75 -37 34
    endloop
  endfacet
  facet normal 1 0 0
    outer loop
      vertex 75 -44 8
      vertex 75 -37 34
      vertex 75 -44 34
    endloop
  endfacet
  facet normal 1 0 0
    outer loop
      vertex 75 -46 0
      vertex 75 -13.2 33.5
      vertex 75 -44 8
    endloop
  endfacet
  facet normal 1 0 0
    outer loop
      vertex 75 -46 0
      vertex 75 -44 8
      vertex 75 -46 8
    endloop
  endfacet
  facet normal 1 0 0
    outer loop
      vertex 75 -13.2 33.5
      vertex 75 -46 0
      vertex 75 46 0
    endloop
  endfacet
  facet normal 0 0 1
    outer loop
      vertex 74.9324 45.1609 34
      vertex 71.9527 44.8126 34
      vertex 72 44 34
    endloop
  endfacet
  facet normal 0 0 1
    outer loop
      vertex 70.3623 48.4995 34
      vertex 72.6604 50.4279 34
      vertex 71.8624 51.2737 34
    endloop
  endfacet
  facet normal 0 0 1
    outer loop
      vertex 73.3549 49.4951 34
      vertex 71.8113 45.6143 34
      vertex 71.9527 44.8126 34
    endloop
  endfacet
  facet normal 0 0 1
    outer loop
      vertex 73.3549 49.4951 34
      vertex 71.5778 46.3941 34
      vertex 71.8113 45.6143 34
    endloop
  endfacet
  facet normal 0 0 1
    outer loop
      vertex 73.3549 49.4951 34
      vertex 71.2554 47.1416 34
      vertex 71.5778 46.3941 34
    endloop
  endfacet
  facet normal 0 0 1
    outer loop
      vertex 69.8037 49.0916 34
      vertex 71.8624 51.2737 34
      vertex 70.9716 52.0212 34
    endloop
  endfacet
  facet normal 0 0 1
    outer loop
      vertex 73.3549 49.4951 34
      vertex 70.8484 47.8466 34
      vertex 71.2554 47.1416 34
    endloop
  endfacet
  facet normal 0 0 1
    outer loop
      vertex 72.6604 50.4279 34
      vertex 70.3623 48.4995 34
      vertex 70.8484 47.8466 34
    endloop
  endfacet
  facet normal 0 0 1
    outer loop
      vertex 69.1801 49.6149 34
      vertex 70.9716 52.0212 34
      vertex 70 52.6602 34
    endloop
  endfacet
  facet normal 0 0 1
    outer loop
      vertex 71.8624 51.2737 34
      vertex 69.8037 49.0916 34
      vertex 70.3623 48.4995 34
    endloop
  endfacet
  facet normal 0 0 1
    outer loop
      vertex 70.9716 52.0212 34
      vertex 69.1801 49.6149 34
      vertex 69.8037 49.0916 34
    endloop
  endfacet
  facet normal 0 0 1
    outer loop
      vertex 68.5 50.0622 34
      vertex 70 52.6602 34
      vertex 68.9608 53.1822 34
    endloop
  endfacet
  facet normal 0 0 1
    outer loop
      vertex 70 52.6602 34
      vertex 68.5 50.0622 34
      vertex 69.1801 49.6149 34
    endloop
  endfacet
  facet normal 0 0 1
    outer loop
      vertex 67.7726 50.4275 34
      vertex 68.9608 53.1822 34
      vertex 67.868 53.5799 34
    endloop
  endfacet
  facet normal 0 0 1
    outer loop
      vertex 68.9608 53.1822 34
      vertex 67.7726 50.4275 34
      vertex 68.5 50.0622 34
    endloop
  endfacet
  facet normal 0 0 1
    outer loop
      vertex 67.868 53.5799 34
      vertex 67.0076 50.7059 34
      vertex 67.7726 50.4275 34
    endloop
  endfacet
  facet normal 0 0 1
    outer loop
      vertex 66.7365 53.8481 34
      vertex 67.0076 50.7059 34
      vertex 67.868 53.5799 34
    endloop
  endfacet
  facet normal 0 0 1
    outer loop
      vertex 66.7365 53.8481 34
      vertex 66.2155 50.8936 34
      vertex 67.0076 50.7059 34
    endloop
  endfacet
  facet normal 0 0 1
    outer loop
      vertex 65.5814 53.9831 34
      vertex 66.2155 50.8936 34
      vertex 66.7365 53.8481 34
    endloop
  endfacet
  facet normal 0 0 1
    outer loop
      vertex 65.5814 53.9831 34
      vertex 65.407 50.9881 34
      vertex 66.2155 50.8936 34
    endloop
  endfacet
  facet normal 0 0 1
    outer loop
      vertex 65.5814 53.9831 34
      vertex -65.407 50.9881 34
      vertex 65.407 50.9881 34
    endloop
  endfacet
  facet normal -0 0 1
    outer loop
      vertex -65.5814 53.9831 34
      vertex -65.407 50.9881 34
      vertex 65.5814 53.9831 34
    endloop
  endfacet
  facet normal 0 0 1
    outer loop
      vertex -65.5814 53.9831 34
      vertex -66.2155 50.8936 34
      vertex -65.407 50.9881 34
    endloop
  endfacet
  facet normal -0 0 1
    outer loop
      vertex -66.7365 53.8481 34
      vertex -66.2155 50.8936 34
      vertex -65.5814 53.9831 34
    endloop
  endfacet
  facet normal 0 0 1
    outer loop
      vertex -66.7365 53.8481 34
      vertex -67.0076 50.7059 34
      vertex -66.2155 50.8936 34
    endloop
  endfacet
  facet normal -0 0 1
    outer loop
      vertex -67.868 53.5799 34
      vertex -67.0076 50.7059 34
      vertex -66.7365 53.8481 34
    endloop
  endfacet
  facet normal 0 0 1
    outer loop
      vertex -67.0076 50.7059 34
      vertex -67.868 53.5799 34
      vertex -67.7726 50.4275 34
    endloop
  endfacet
  facet normal -0 0 1
    outer loop
      vertex -68.9608 53.1822 34
      vertex -67.7726 50.4275 34
      vertex -67.868 53.5799 34
    endloop
  endfacet
  facet normal 0 0 1
    outer loop
      vertex -67.7726 50.4275 34
      vertex -68.9608 53.1822 34
      vertex -68.5 50.0622 34
    endloop
  endfacet
  facet normal -0 0 1
    outer loop
      vertex -70 52.6602 34
      vertex -68.5 50.0622 34
      vertex -68.9608 53.1822 34
    endloop
  endfacet
  facet normal 0 0 1
    outer loop
      vertex -68.5 50.0622 34
      vertex -70 52.6602 34
      vertex -69.1801 49.6149 34
    endloop
  endfacet
  facet normal -0 0 1
    outer loop
      vertex -70.9716 52.0212 34
      vertex -69.1801 49.6149 34
      vertex -70 52.6602 34
    endloop
  endfacet
  facet normal 0 0 1
    outer loop
      vertex -69.1801 49.6149 34
      vertex -70.9716 52.0212 34
      vertex -69.8037 49.0916 34
    endloop
  endfacet
  facet normal -0 0 1
    outer loop
      vertex -71.8624 51.2737 34
      vertex -69.8037 49.0916 34
      vertex -70.9716 52.0212 34
    endloop
  endfacet
  facet normal 0 0 1
    outer loop
      vertex -69.8037 49.0916 34
      vertex -71.8624 51.2737 34
      vertex -70.3623 48.4995 34
    endloop
  endfacet
  facet normal -0 0 1
    outer loop
      vertex -72.6604 50.4279 34
      vertex -70.3623 48.4995 34
      vertex -71.8624 51.2737 34
    endloop
  endfacet
  facet normal 0 0 1
    outer loop
      vertex -70.3623 48.4995 34
      vertex -72.6604 50.4279 34
      vertex -70.8484 47.8466 34
    endloop
  endfacet
  facet normal -0 0 1
    outer loop
      vertex -73.3549 49.4951 34
      vertex -70.8484 47.8466 34
      vertex -72.6604 50.4279 34
    endloop
  endfacet
  facet normal 0 0 1
    outer loop
      vertex -70.8484 47.8466 34
      vertex -73.3549 49.4951 34
      vertex -71.2554 47.1416 34
    endloop
  endfacet
  facet normal -0 0 1
    outer loop
      vertex -73.9363 48.488 34
      vertex -71.2554 47.1416 34
      vertex -73.3549 49.4951 34
    endloop
  endfacet
  facet normal 0 0 1
    outer loop
      vertex -71.2554 47.1416 34
      vertex -73.9363 48.488 34
      vertex -71.5778 46.3941 34
    endloop
  endfacet
  facet normal -0 0 1
    outer loop
      vertex -74.3969 47.4202 34
      vertex -71.5778 46.3941 34
      vertex -73.9363 48.488 34
    endloop
  endfacet
  facet normal 0 0 1
    outer loop
      vertex -71.5778 46.3941 34
      vertex -74.3969 47.4202 34
      vertex -71.8113 45.6143 34
    endloop
  endfacet
  facet normal -0 0 1
    outer loop
      vertex -74.7304 46.3062 34
      vertex -71.8113 45.6143 34
      vertex -74.3969 47.4202 34
    endloop
  endfacet
  facet normal 0 0 1
    outer loop
      vertex -71.8113 45.6143 34
      vertex -74.7304 46.3062 34
      vertex -71.9527 44.8126 34
    endloop
  endfacet
  facet normal -0 0 1
    outer loop
      vertex -74.9324 45.1609 34
      vertex -71.9527 44.8126 34
      vertex -74.7304 46.3062 34
    endloop
  endfacet
  facet normal 0 0 1
    outer loop
      vertex -71.9527 44.8126 34
      vertex -74.9324 45.1609 34
      vertex -72 44 34
    endloop
  endfacet
  facet normal 0 0 1
    outer loop
      vertex -72 44 34
      vertex -74.9324 45.1609 34
      vertex -75 44 34
    endloop
  endfacet
  facet normal 0 0 1
    outer loop
      vertex -72 44 34
      vertex -75 44 34
      vertex -72 33.5 34
    endloop
  endfacet
  facet normal 0 0 1
    outer loop
      vertex -72 33.5 34
      vertex -75 44 34
      vertex -75 33.5 34
    endloop
  endfacet
  facet normal 0 0 1
    outer loop
      vertex 72 44 34
      vertex 75 44 34
      vertex 74.9324 45.1609 34
    endloop
  endfacet
  facet normal 0 0 1
    outer loop
      vertex 71.9527 44.8126 34
      vertex 74.9324 45.1609 34
      vertex 74.7304 46.3062 34
    endloop
  endfacet
  facet normal 0 0 1
    outer loop
      vertex 71.9527 44.8126 34
      vertex 74.7304 46.3062 34
      vertex 74.3969 47.4202 34
    endloop
  endfacet
  facet normal 0 0 1
    outer loop
      vertex 71.9527 44.8126 34
      vertex 74.3969 47.4202 34
      vertex 73.9363 48.488 34
    endloop
  endfacet
  facet normal 0 0 1
    outer loop
      vertex 71.9527 44.8126 34
      vertex 73.9363 48.488 34
      vertex 73.3549 49.4951 34
    endloop
  endfacet
  facet normal 0 0 1
    outer loop
      vertex 70.8484 47.8466 34
      vertex 73.3549 49.4951 34
      vertex 72.6604 50.4279 34
    endloop
  endfacet
  facet normal 0 0 1
    outer loop
      vertex 75 44 34
      vertex 72 44 34
      vertex 75 37 34
    endloop
  endfacet
  facet normal 0 0 1
    outer loop
      vertex 75 37 34
      vertex 72 44 34
      vertex 72 37 34
    endloop
  endfacet
  facet normal 0 0 1
    outer loop
      vertex -75 -44 34
      vertex -72 -44 34
      vertex -72 -33.5 34
    endloop
  endfacet
  facet normal 0 -0 1
    outer loop
      vertex -74.9324 -45.1609 34
      vertex -72 -44 34
      vertex -75 -44 34
    endloop
  endfacet
  facet normal 0 0 1
    outer loop
      vertex -72 -44 34
      vertex -73.3549 -49.4951 34
      vertex -72.6604 -50.4279 34
    endloop
  endfacet
  facet normal 0 0 1
    outer loop
      vertex -72 -44 34
      vertex -73.9363 -48.488 34
      vertex -73.3549 -49.4951 34
    endloop
  endfacet
  facet normal 0 0 1
    outer loop
      vertex -72 -44 34
      vertex -74.3969 -47.4202 34
      vertex -73.9363 -48.488 34
    endloop
  endfacet
  facet normal 0 0 1
    outer loop
      vertex -72 -44 34
      vertex -74.7304 -46.3062 34
      vertex -74.3969 -47.4202 34
    endloop
  endfacet
  facet normal 0 0 1
    outer loop
      vertex -75 -44 34
      vertex -72 -33.5 34
      vertex -75 -33.5 34
    endloop
  endfacet
  facet normal 0 0 1
    outer loop
      vertex -72 -44 34
      vertex -74.9324 -45.1609 34
      vertex -74.7304 -46.3062 34
    endloop
  endfacet
  facet normal 0 0 1
    outer loop
      vertex 72 -44 34
      vertex 75 -44 34
      vertex 75 -37 34
    endloop
  endfacet
  facet normal 0 0 1
    outer loop
      vertex 75 -44 34
      vertex 72 -44 34
      vertex 74.9324 -45.1609 34
    endloop
  endfacet
  facet normal -0 0 1
    outer loop
      vertex 71.9527 -44.8126 34
      vertex 74.9324 -45.1609 34
      vertex 72 -44 34
    endloop
  endfacet
  facet normal 0 0 1
    outer loop
      vertex 74.9324 -45.1609 34
      vertex 71.9527 -44.8126 34
      vertex 74.7304 -46.3062 34
    endloop
  endfacet
  facet normal -0 0 1
    outer loop
      vertex 71.8113 -45.6143 34
      vertex 74.7304 -46.3062 34
      vertex 71.9527 -44.8126 34
    endloop
  endfacet
  facet normal 0 0 1
    outer loop
      vertex 74.7304 -46.3062 34
      vertex 71.8113 -45.6143 34
      vertex 74.3969 -47.4202 34
    endloop
  endfacet
  facet normal 0 0 1
    outer loop
      vertex 72 -44 34
      vertex 75 -37 34
      vertex 72 -37 34
    endloop
  endfacet
  facet normal -0 0 1
    outer loop
      vertex 71.5778 -46.3941 34
      vertex 74.3969 -47.4202 34
      vertex 71.8113 -45.6143 34
    endloop
  endfacet
  facet normal 0 0 1
    outer loop
      vertex 74.3969 -47.4202 34
      vertex 71.5778 -46.3941 34
      vertex 73.9363 -48.488 34
    endloop
  endfacet
  facet normal -0 0 1
    outer loop
      vertex 71.2554 -47.1416 34
      vertex 73.9363 -48.488 34
      vertex 71.5778 -46.3941 34
    endloop
  endfacet
  facet normal 0 0 1
    outer loop
      vertex 73.9363 -48.488 34
      vertex 71.2554 -47.1416 34
      vertex 73.3549 -49.4951 34
    endloop
  endfacet
  facet normal -0 0 1
    outer loop
      vertex 70.8484 -47.8466 34
      vertex 73.3549 -49.4951 34
      vertex 71.2554 -47.1416 34
    endloop
  endfacet
  facet normal 0 0 1
    outer loop
      vertex 73.3549 -49.4951 34
      vertex 70.8484 -47.8466 34
      vertex 72.6604 -50.4279 34
    endloop
  endfacet
  facet normal -0 0 1
    outer loop
      vertex 70.3623 -48.4995 34
      vertex 72.6604 -50.4279 34
      vertex 70.8484 -47.8466 34
    endloop
  endfacet
  facet normal 0 0 1
    outer loop
      vertex 72.6604 -50.4279 34
      vertex 70.3623 -48.4995 34
      vertex 71.8624 -51.2737 34
    endloop
  endfacet
  facet normal -0 0 1
    outer loop
      vertex 69.8037 -49.0916 34
      vertex 71.8624 -51.2737 34
      vertex 70.3623 -48.4995 34
    endloop
  endfacet
  facet normal 0 0 1
    outer loop
      vertex 71.8624 -51.2737 34
      vertex 69.8037 -49.0916 34
      vertex 70.9716 -52.0212 34
    endloop
  endfacet
  facet normal -0 0 1
    outer loop
      vertex 69.1801 -49.6149 34
      vertex 70.9716 -52.0212 34
      vertex 69.8037 -49.0916 34
    endloop
  endfacet
  facet normal 0 0 1
    outer loop
      vertex 70.9716 -52.0212 34
      vertex 69.1801 -49.6149 34
      vertex 70 -52.6602 34
    endloop
  endfacet
  facet normal -0 0 1
    outer loop
      vertex 68.5 -50.0622 34
      vertex 70 -52.6602 34
      vertex 69.1801 -49.6149 34
    endloop
  endfacet
  facet normal 0 0 1
    outer loop
      vertex 70 -52.6602 34
      vertex 68.5 -50.0622 34
      vertex 68.9608 -53.1822 34
    endloop
  endfacet
  facet normal -0 0 1
    outer loop
      vertex 67.7726 -50.4275 34
      vertex 68.9608 -53.1822 34
      vertex 68.5 -50.0622 34
    endloop
  endfacet
  facet normal 0 0 1
    outer loop
      vertex 68.9608 -53.1822 34
      vertex 67.7726 -50.4275 34
      vertex 67.868 -53.5799 34
    endloop
  endfacet
  facet normal -0 0 1
    outer loop
      vertex 67.0076 -50.7059 34
      vertex 67.868 -53.5799 34
      vertex 67.7726 -50.4275 34
    endloop
  endfacet
  facet normal 0 0 1
    outer loop
      vertex 67.0076 -50.7059 34
      vertex 66.7365 -53.8481 34
      vertex 67.868 -53.5799 34
    endloop
  endfacet
  facet normal -0 0 1
    outer loop
      vertex 66.2155 -50.8936 34
      vertex 66.7365 -53.8481 34
      vertex 67.0076 -50.7059 34
    endloop
  endfacet
  facet normal 0 0 1
    outer loop
      vertex 66.2155 -50.8936 34
      vertex 65.5814 -53.9831 34
      vertex 66.7365 -53.8481 34
    endloop
  endfacet
  facet normal -0 0 1
    outer loop
      vertex 65.407 -50.9881 34
      vertex 65.5814 -53.9831 34
      vertex 66.2155 -50.8936 34
    endloop
  endfacet
  facet normal -0 0 1
    outer loop
      vertex -65.407 -50.9881 34
      vertex 65.5814 -53.9831 34
      vertex 65.407 -50.9881 34
    endloop
  endfacet
  facet normal 0 0 1
    outer loop
      vertex -65.407 -50.9881 34
      vertex -65.5814 -53.9831 34
      vertex 65.5814 -53.9831 34
    endloop
  endfacet
  facet normal 0 0 1
    outer loop
      vertex -66.2155 -50.8936 34
      vertex -65.5814 -53.9831 34
      vertex -65.407 -50.9881 34
    endloop
  endfacet
  facet normal 0 0 1
    outer loop
      vertex -66.2155 -50.8936 34
      vertex -66.7365 -53.8481 34
      vertex -65.5814 -53.9831 34
    endloop
  endfacet
  facet normal 0 0 1
    outer loop
      vertex -67.0076 -50.7059 34
      vertex -66.7365 -53.8481 34
      vertex -66.2155 -50.8936 34
    endloop
  endfacet
  facet normal 0 0 1
    outer loop
      vertex -67.868 -53.5799 34
      vertex -67.0076 -50.7059 34
      vertex -67.7726 -50.4275 34
    endloop
  endfacet
  facet normal 0 0 1
    outer loop
      vertex -67.0076 -50.7059 34
      vertex -67.868 -53.5799 34
      vertex -66.7365 -53.8481 34
    endloop
  endfacet
  facet normal 0 0 1
    outer loop
      vertex -68.9608 -53.1822 34
      vertex -67.7726 -50.4275 34
      vertex -68.5 -50.0622 34
    endloop
  endfacet
  facet normal 0 0 1
    outer loop
      vertex -67.7726 -50.4275 34
      vertex -68.9608 -53.1822 34
      vertex -67.868 -53.5799 34
    endloop
  endfacet
  facet normal 0 0 1
    outer loop
      vertex -70 -52.6602 34
      vertex -68.5 -50.0622 34
      vertex -69.1801 -49.6149 34
    endloop
  endfacet
  facet normal 0 0 1
    outer loop
      vertex -70.9716 -52.0212 34
      vertex -69.1801 -49.6149 34
      vertex -69.8037 -49.0916 34
    endloop
  endfacet
  facet normal 0 0 1
    outer loop
      vertex -68.5 -50.0622 34
      vertex -70 -52.6602 34
      vertex -68.9608 -53.1822 34
    endloop
  endfacet
  facet normal 0 0 1
    outer loop
      vertex -71.8624 -51.2737 34
      vertex -69.8037 -49.0916 34
      vertex -70.3623 -48.4995 34
    endloop
  endfacet
  facet normal 0 0 1
    outer loop
      vertex -72.6604 -50.4279 34
      vertex -70.3623 -48.4995 34
      vertex -70.8484 -47.8466 34
    endloop
  endfacet
  facet normal 0 0 1
    outer loop
      vertex -69.1801 -49.6149 34
      vertex -70.9716 -52.0212 34
      vertex -70 -52.6602 34
    endloop
  endfacet
  facet normal 0 0 1
    outer loop
      vertex -72.6604 -50.4279 34
      vertex -70.8484 -47.8466 34
      vertex -71.2554 -47.1416 34
    endloop
  endfacet
  facet normal 0 0 1
    outer loop
      vertex -72.6604 -50.4279 34
      vertex -71.2554 -47.1416 34
      vertex -71.5778 -46.3941 34
    endloop
  endfacet
  facet normal 0 0 1
    outer loop
      vertex -72.6604 -50.4279 34
      vertex -71.5778 -46.3941 34
      vertex -71.8113 -45.6143 34
    endloop
  endfacet
  facet normal 0 0 1
    outer loop
      vertex -69.8037 -49.0916 34
      vertex -71.8624 -51.2737 34
      vertex -70.9716 -52.0212 34
    endloop
  endfacet
  facet normal 0 0 1
    outer loop
      vertex -72.6604 -50.4279 34
      vertex -71.8113 -45.6143 34
      vertex -71.9527 -44.8126 34
    endloop
  endfacet
  facet normal 0 0 1
    outer loop
      vertex -72.6604 -50.4279 34
      vertex -71.9527 -44.8126 34
      vertex -72 -44 34
    endloop
  endfacet
  facet normal 0 0 1
    outer loop
      vertex -70.3623 -48.4995 34
      vertex -72.6604 -50.4279 34
      vertex -71.8624 -51.2737 34
    endloop
  endfacet
  facet normal 0 1 -0
    outer loop
      vertex 75 46 0
      vertex 74.7844 46 8
      vertex 75 46 8
    endloop
  endfacet
  facet normal 0 1 0
    outer loop
      vertex 74.7844 46 8
      vertex 75 46 0
      vertex 74.7844 46 0
    endloop
  endfacet
  facet normal 0 -1 0
    outer loop
      vertex 74.7844 -46 0
      vertex 75 -46 8
      vertex 74.7844 -46 8
    endloop
  endfacet
  facet normal 0 -1 -0
    outer loop
      vertex 75 -46 8
      vertex 74.7844 -46 0
      vertex 75 -46 0
    endloop
  endfacet
  facet normal 0 0.974382 0.2249
    outer loop
      vertex 75 46 8
      vertex 74.7844 46 8
      vertex 74.8167 45.8167 8.79415
    endloop
  endfacet
  facet normal 0 -0.974395 0.224843
    outer loop
      vertex -74.8221 -45.7865 8.92524
      vertex -75 -46 8
      vertex -74.7844 -46 8
    endloop
  endfacet
  facet normal 0 -1 0
    outer loop
      vertex -75 -46 0
      vertex -74.7844 -46 8
      vertex -75 -46 8
    endloop
  endfacet
  facet normal 0 -1 -0
    outer loop
      vertex -74.7844 -46 8
      vertex -75 -46 0
      vertex -74.7844 -46 0
    endloop
  endfacet
  facet normal -0.982012 1.97301e-05 0.18882
    outer loop
      vertex -75 46 8
      vertex -74.9324 45.1609 8.35166
      vertex -74.8221 45.7865 8.92524
    endloop
  endfacet
  facet normal -0.98202 0 0.188775
    outer loop
      vertex -74.9324 45.1609 8.35166
      vertex -75 46 8
      vertex -75 44 8
    endloop
  endfacet
  facet normal -0.982012 -1.97301e-05 0.18882
    outer loop
      vertex -74.9324 -45.1609 8.35166
      vertex -75 -46 8
      vertex -74.8221 -45.7865 8.92524
    endloop
  endfacet
  facet normal -0.98202 0 0.188775
    outer loop
      vertex -75 -46 8
      vertex -74.9324 -45.1609 8.35166
      vertex -75 -44 8
    endloop
  endfacet
  facet normal 0 1 -0
    outer loop
      vertex -74.7844 46 0
      vertex -75 46 8
      vertex -74.7844 46 8
    endloop
  endfacet
  facet normal 0 1 0
    outer loop
      vertex -75 46 8
      vertex -74.7844 46 0
      vertex -75 46 0
    endloop
  endfacet
  facet normal 0 0.974395 0.224843
    outer loop
      vertex -74.7844 46 8
      vertex -75 46 8
      vertex -74.8221 45.7865 8.92524
    endloop
  endfacet
  facet normal -1 0 0
    outer loop
      vertex -75 46 0
      vertex -75 44 8
      vertex -75 46 8
    endloop
  endfacet
  facet normal -1 0 0
    outer loop
      vertex -75 33.5 34
      vertex -75 44 8
      vertex -75 33.5 2.1
    endloop
  endfacet
  facet normal -1 0 0
    outer loop
      vertex -75 46 0
      vertex -75 33.5 2.1
      vertex -75 44 8
    endloop
  endfacet
  facet normal -1 0 0
    outer loop
      vertex -75 46 0
      vertex -75 -33.5 2.1
      vertex -75 33.5 2.1
    endloop
  endfacet
  facet normal -1 0 0
    outer loop
      vertex -75 -33.5 2.1
      vertex -75 -44 8
      vertex -75 -33.5 34
    endloop
  endfacet
  facet normal -1 0 0
    outer loop
      vertex -75 -46 0
      vertex -75 -33.5 2.1
      vertex -75 46 0
    endloop
  endfacet
  facet normal -1 0 0
    outer loop
      vertex -75 -46 0
      vertex -75 -44 8
      vertex -75 -33.5 2.1
    endloop
  endfacet
  facet normal -1 -0 0
    outer loop
      vertex -75 -44 8
      vertex -75 -46 0
      vertex -75 -46 8
    endloop
  endfacet
  facet normal -1 0 0
    outer loop
      vertex -75 44 8
      vertex -75 33.5 34
      vertex -75 44 34
    endloop
  endfacet
  facet normal -1 -0 0
    outer loop
      vertex -75 -33.5 34
      vertex -75 -44 8
      vertex -75 -44 34
    endloop
  endfacet
  facet normal 0.998309 -0.0581322 0
    outer loop
      vertex 74.9324 -45.1609 8.29305
      vertex 75 -44 34
      vertex 74.9324 -45.1609 34
    endloop
  endfacet
  facet normal 0.998309 -0.0581322 0
    outer loop
      vertex 75 -44 34
      vertex 74.9324 -45.1609 8.29305
      vertex 75 -44 8
    endloop
  endfacet
  facet normal -0.984803 -0.173675 0
    outer loop
      vertex -74.7844 -46 0
      vertex -74.7304 -46.3062 0
      vertex -74.7844 -46 8
    endloop
  endfacet
  facet normal -0.98481 -0.173633 0
    outer loop
      vertex -74.8221 -45.7865 8.92524
      vertex -74.9324 -45.1609 34
      vertex -74.9324 -45.1609 8.35166
    endloop
  endfacet
  facet normal -0.984767 -0.17388 -2.48795e-06
    outer loop
      vertex -74.7304 -46.3062 34
      vertex -74.8221 -45.7865 8.92524
      vertex -74.7844 -46 8
    endloop
  endfacet
  facet normal -0.984803 -0.173675 -0
    outer loop
      vertex -74.7304 -46.3062 34
      vertex -74.7844 -46 8
      vertex -74.7304 -46.3062 0
    endloop
  endfacet
  facet normal -0.9848 -0.173692 1.52976e-06
    outer loop
      vertex -74.8221 -45.7865 8.92524
      vertex -74.7304 -46.3062 34
      vertex -74.9324 -45.1609 34
    endloop
  endfacet
  facet normal 0.866044 0.499968 0
    outer loop
      vertex 73.9363 48.488 34
      vertex 73.3549 49.4951 0
      vertex 73.3549 49.4951 34
    endloop
  endfacet
  facet normal 0.866044 0.499968 0
    outer loop
      vertex 73.3549 49.4951 0
      vertex 73.9363 48.488 34
      vertex 73.9363 48.488 0
    endloop
  endfacet
  facet normal -0.998309 -0.0581322 0
    outer loop
      vertex -74.9324 -45.1609 8.35166
      vertex -75 -44 34
      vertex -75 -44 8
    endloop
  endfacet
  facet normal -0.998309 -0.0581322 0
    outer loop
      vertex -75 -44 34
      vertex -74.9324 -45.1609 8.35166
      vertex -74.9324 -45.1609 34
    endloop
  endfacet
  facet normal 0.918217 0.396077 0
    outer loop
      vertex 74.3969 47.4202 34
      vertex 73.9363 48.488 0
      vertex 73.9363 48.488 34
    endloop
  endfacet
  facet normal 0.918217 0.396077 0
    outer loop
      vertex 73.9363 48.488 0
      vertex 74.3969 47.4202 34
      vertex 74.3969 47.4202 0
    endloop
  endfacet
  facet normal -0.642803 0.766032 0
    outer loop
      vertex -70.9716 52.0212 0
      vertex -71.8624 51.2737 34
      vertex -70.9716 52.0212 34
    endloop
  endfacet
  facet normal -0.642803 0.766032 0
    outer loop
      vertex -71.8624 51.2737 34
      vertex -70.9716 52.0212 0
      vertex -71.8624 51.2737 0
    endloop
  endfacet
  facet normal 0.984803 0.173675 0
    outer loop
      vertex 74.7304 46.3062 34
      vertex 74.7844 46 8
      vertex 74.7304 46.3062 0
    endloop
  endfacet
  facet normal 0.984826 0.173547 1.5611e-06
    outer loop
      vertex 74.7304 46.3062 34
      vertex 74.8167 45.8167 8.79415
      vertex 74.7844 46 8
    endloop
  endfacet
  facet normal 0.9848 0.173692 -1.35124e-06
    outer loop
      vertex 74.9324 45.1609 34
      vertex 74.8167 45.8167 8.79415
      vertex 74.7304 46.3062 34
    endloop
  endfacet
  facet normal 0.984791 0.173743 0
    outer loop
      vertex 74.8167 45.8167 8.79415
      vertex 74.9324 45.1609 34
      vertex 74.9324 45.1609 8.29305
    endloop
  endfacet
  facet normal 0.984803 0.173675 0
    outer loop
      vertex 74.7304 46.3062 0
      vertex 74.7844 46 8
      vertex 74.7844 46 0
    endloop
  endfacet
  facet normal 0.998309 0.0581322 0
    outer loop
      vertex 75 44 34
      vertex 74.9324 45.1609 8.29305
      vertex 74.9324 45.1609 34
    endloop
  endfacet
  facet normal 0.998309 0.0581322 0
    outer loop
      vertex 74.9324 45.1609 8.29305
      vertex 75 44 34
      vertex 75 44 8
    endloop
  endfacet
  facet normal 0.642803 -0.766032 0
    outer loop
      vertex 70.9716 -52.0212 0
      vertex 71.8624 -51.2737 34
      vertex 70.9716 -52.0212 34
    endloop
  endfacet
  facet normal 0.642803 -0.766032 0
    outer loop
      vertex 71.8624 -51.2737 34
      vertex 70.9716 -52.0212 0
      vertex 71.8624 -51.2737 0
    endloop
  endfacet
  facet normal -0.116083 -0.99324 0
    outer loop
      vertex -66.7365 -53.8481 0
      vertex -65.5814 -53.9831 34
      vertex -66.7365 -53.8481 34
    endloop
  endfacet
  facet normal -0.116083 -0.99324 -0
    outer loop
      vertex -65.5814 -53.9831 34
      vertex -66.7365 -53.8481 0
      vertex -65.5814 -53.9831 0
    endloop
  endfacet
  facet normal 0.23064 -0.973039 0
    outer loop
      vertex 66.7365 -53.8481 0
      vertex 67.868 -53.5799 34
      vertex 66.7365 -53.8481 34
    endloop
  endfacet
  facet normal 0.23064 -0.973039 0
    outer loop
      vertex 67.868 -53.5799 34
      vertex 66.7365 -53.8481 0
      vertex 67.868 -53.5799 0
    endloop
  endfacet
  facet normal -0.341985 0.939706 0
    outer loop
      vertex -67.868 53.5799 0
      vertex -68.9608 53.1822 34
      vertex -67.868 53.5799 34
    endloop
  endfacet
  facet normal -0.341985 0.939706 0
    outer loop
      vertex -68.9608 53.1822 34
      vertex -67.868 53.5799 0
      vertex -68.9608 53.1822 0
    endloop
  endfacet
  facet normal 0.341985 -0.939706 0
    outer loop
      vertex 67.868 -53.5799 0
      vertex 68.9608 -53.1822 34
      vertex 67.868 -53.5799 34
    endloop
  endfacet
  facet normal 0.341985 -0.939706 0
    outer loop
      vertex 68.9608 -53.1822 34
      vertex 67.868 -53.5799 0
      vertex 68.9608 -53.1822 0
    endloop
  endfacet
  facet normal 0 -1 0
    outer loop
      vertex 20.5 -53.9831 7
      vertex 45.5 -53.9831 29
      vertex 20.5 -53.9831 29
    endloop
  endfacet
  facet normal 0 -1 -0
    outer loop
      vertex 45.5 -53.9831 29
      vertex 20.5 -53.9831 7
      vertex 45.5 -53.9831 7
    endloop
  endfacet
  facet normal 0 -1 0
    outer loop
      vertex -11.5 -53.9831 7
      vertex 15.5 -53.9831 29
      vertex -11.5 -53.9831 29
    endloop
  endfacet
  facet normal 0 -1 -0
    outer loop
      vertex 15.5 -53.9831 29
      vertex -11.5 -53.9831 7
      vertex 15.5 -53.9831 7
    endloop
  endfacet
  facet normal 0 -1 0
    outer loop
      vertex -39.5 -53.9831 7
      vertex -16.5 -53.9831 29
      vertex -39.5 -53.9831 29
    endloop
  endfacet
  facet normal 0 -1 -0
    outer loop
      vertex -16.5 -53.9831 29
      vertex -39.5 -53.9831 7
      vertex -16.5 -53.9831 7
    endloop
  endfacet
  facet normal 0 -1 0
    outer loop
      vertex -39.5 -53.9831 29
      vertex -65.5814 -53.9831 34
      vertex -44.5 -53.9831 29
    endloop
  endfacet
  facet normal 0 -1 0
    outer loop
      vertex -65.5814 -53.9831 34
      vertex -44.5 -53.9831 7
      vertex -44.5 -53.9831 29
    endloop
  endfacet
  facet normal 0 -1 0
    outer loop
      vertex -65.5814 -53.9831 0
      vertex -39.5 -53.9831 7
      vertex -44.5 -53.9831 7
    endloop
  endfacet
  facet normal 0 -1 -0
    outer loop
      vertex -39.5 -53.9831 7
      vertex -65.5814 -53.9831 0
      vertex -16.5 -53.9831 7
    endloop
  endfacet
  facet normal 0 -1 -0
    outer loop
      vertex -16.5 -53.9831 7
      vertex -65.5814 -53.9831 0
      vertex -11.5 -53.9831 7
    endloop
  endfacet
  facet normal -0 -1 0
    outer loop
      vertex 47.1 -53.9831 3
      vertex -11.5 -53.9831 7
      vertex -65.5814 -53.9831 0
    endloop
  endfacet
  facet normal 0 -1 0
    outer loop
      vertex -11.5 -53.9831 7
      vertex 47.1 -53.9831 3
      vertex 15.5 -53.9831 7
    endloop
  endfacet
  facet normal 0 -1 0
    outer loop
      vertex 20.5 -53.9831 7
      vertex 47.1 -53.9831 3
      vertex 45.5 -53.9831 7
    endloop
  endfacet
  facet normal 0 -1 0
    outer loop
      vertex 45.5 -53.9831 7
      vertex 47.1 -53.9831 3
      vertex 47.1 -53.9831 7
    endloop
  endfacet
  facet normal 0 -1 0
    outer loop
      vertex 65.5814 -53.9831 0
      vertex 47.1 -53.9831 3
      vertex -65.5814 -53.9831 0
    endloop
  endfacet
  facet normal 0 -1 0
    outer loop
      vertex 15.5 -53.9831 7
      vertex 47.1 -53.9831 3
      vertex 20.5 -53.9831 7
    endloop
  endfacet
  facet normal 0 -1 0
    outer loop
      vertex -65.5814 -53.9831 0
      vertex -44.5 -53.9831 7
      vertex -65.5814 -53.9831 34
    endloop
  endfacet
  facet normal 0 -1 0
    outer loop
      vertex -16.5 -53.9831 29
      vertex -65.5814 -53.9831 34
      vertex -39.5 -53.9831 29
    endloop
  endfacet
  facet normal 0 -1 0
    outer loop
      vertex -11.5 -53.9831 29
      vertex -65.5814 -53.9831 34
      vertex -16.5 -53.9831 29
    endloop
  endfacet
  facet normal 0 -1 0
    outer loop
      vertex -65.5814 -53.9831 34
      vertex -11.5 -53.9831 29
      vertex 65.5814 -53.9831 34
    endloop
  endfacet
  facet normal 0 -1 0
    outer loop
      vertex 15.5 -53.9831 29
      vertex 65.5814 -53.9831 34
      vertex -11.5 -53.9831 29
    endloop
  endfacet
  facet normal 0 -1 0
    outer loop
      vertex 20.5 -53.9831 29
      vertex 65.5814 -53.9831 34
      vertex 15.5 -53.9831 29
    endloop
  endfacet
  facet normal 0 -1 0
    outer loop
      vertex 45.5 -53.9831 29
      vertex 65.5814 -53.9831 34
      vertex 20.5 -53.9831 29
    endloop
  endfacet
  facet normal 0 -1 0
    outer loop
      vertex 50.5 -53.9831 29
      vertex 65.5814 -53.9831 34
      vertex 45.5 -53.9831 29
    endloop
  endfacet
  facet normal 0 -1 0
    outer loop
      vertex 64.9 -53.9831 17.2
      vertex 50.5 -53.9831 29
      vertex 50.5 -53.9831 17.2
    endloop
  endfacet
  facet normal 0 -1 0
    outer loop
      vertex 50.5 -53.9831 29
      vertex 64.9 -53.9831 17.2
      vertex 65.5814 -53.9831 34
    endloop
  endfacet
  facet normal 0 -1 0
    outer loop
      vertex 65.5814 -53.9831 0
      vertex 64.9 -53.9831 17.2
      vertex 64.9 -53.9831 3
    endloop
  endfacet
  facet normal 0 -1 0
    outer loop
      vertex 64.9 -53.9831 17.2
      vertex 65.5814 -53.9831 0
      vertex 65.5814 -53.9831 34
    endloop
  endfacet
  facet normal 0 -1 0
    outer loop
      vertex 47.1 -53.9831 3
      vertex 65.5814 -53.9831 0
      vertex 64.9 -53.9831 3
    endloop
  endfacet
  facet normal -0.866044 0.499968 0
    outer loop
      vertex -73.9363 48.488 0
      vertex -73.3549 49.4951 34
      vertex -73.3549 49.4951 0
    endloop
  endfacet
  facet normal -0.866044 0.499968 0
    outer loop
      vertex -73.3549 49.4951 34
      vertex -73.9363 48.488 0
      vertex -73.9363 48.488 34
    endloop
  endfacet
  facet normal 0 1 -0
    outer loop
      vertex 47.1 53.9831 3
      vertex 45.5 53.9831 7
      vertex 47.1 53.9831 7
    endloop
  endfacet
  facet normal 0 1 0
    outer loop
      vertex 45.5 53.9831 7
      vertex 47.1 53.9831 3
      vertex 20.5 53.9831 7
    endloop
  endfacet
  facet normal 0 1 0
    outer loop
      vertex 20.5 53.9831 7
      vertex 47.1 53.9831 3
      vertex 15.5 53.9831 7
    endloop
  endfacet
  facet normal 0 1 0
    outer loop
      vertex 15.5 53.9831 7
      vertex 47.1 53.9831 3
      vertex -11.5 53.9831 7
    endloop
  endfacet
  facet normal 0 1 0
    outer loop
      vertex -65.5814 53.9831 0
      vertex -11.5 53.9831 7
      vertex 47.1 53.9831 3
    endloop
  endfacet
  facet normal 0 1 0
    outer loop
      vertex -11.5 53.9831 7
      vertex -65.5814 53.9831 0
      vertex -16.5 53.9831 7
    endloop
  endfacet
  facet normal 0 1 0
    outer loop
      vertex -16.5 53.9831 7
      vertex -65.5814 53.9831 0
      vertex -39.5 53.9831 7
    endloop
  endfacet
  facet normal 0 1 -0
    outer loop
      vertex -16.5 53.9831 7
      vertex -39.5 53.9831 29
      vertex -16.5 53.9831 29
    endloop
  endfacet
  facet normal 0 1 0
    outer loop
      vertex -39.5 53.9831 29
      vertex -16.5 53.9831 7
      vertex -39.5 53.9831 7
    endloop
  endfacet
  facet normal 0 1 -0
    outer loop
      vertex 15.5 53.9831 7
      vertex -11.5 53.9831 29
      vertex 15.5 53.9831 29
    endloop
  endfacet
  facet normal 0 1 0
    outer loop
      vertex -11.5 53.9831 29
      vertex 15.5 53.9831 7
      vertex -11.5 53.9831 7
    endloop
  endfacet
  facet normal 0 1 -0
    outer loop
      vertex 45.5 53.9831 7
      vertex 20.5 53.9831 29
      vertex 45.5 53.9831 29
    endloop
  endfacet
  facet normal 0 1 0
    outer loop
      vertex 20.5 53.9831 29
      vertex 45.5 53.9831 7
      vertex 20.5 53.9831 7
    endloop
  endfacet
  facet normal 0 1 0
    outer loop
      vertex 45.5 53.9831 29
      vertex 65.5814 53.9831 34
      vertex 50.5 53.9831 29
    endloop
  endfacet
  facet normal 0 1 0
    outer loop
      vertex 65.5814 53.9831 34
      vertex 64.9 53.9831 17.2
      vertex 50.5 53.9831 29
    endloop
  endfacet
  facet normal 0 1 -0
    outer loop
      vertex 65.5814 53.9831 0
      vertex 64.9 53.9831 17.2
      vertex 65.5814 53.9831 34
    endloop
  endfacet
  facet normal 0 1 0
    outer loop
      vertex 64.9 53.9831 3
      vertex 65.5814 53.9831 0
      vertex 47.1 53.9831 3
    endloop
  endfacet
  facet normal 0 1 0
    outer loop
      vertex 64.9 53.9831 17.2
      vertex 65.5814 53.9831 0
      vertex 64.9 53.9831 3
    endloop
  endfacet
  facet normal 0 1 0
    outer loop
      vertex 20.5 53.9831 29
      vertex 65.5814 53.9831 34
      vertex 45.5 53.9831 29
    endloop
  endfacet
  facet normal 0 1 0
    outer loop
      vertex 15.5 53.9831 29
      vertex 65.5814 53.9831 34
      vertex 20.5 53.9831 29
    endloop
  endfacet
  facet normal 0 1 0
    outer loop
      vertex 65.5814 53.9831 34
      vertex 15.5 53.9831 29
      vertex -65.5814 53.9831 34
    endloop
  endfacet
  facet normal 0 1 -0
    outer loop
      vertex -11.5 53.9831 29
      vertex -65.5814 53.9831 34
      vertex 15.5 53.9831 29
    endloop
  endfacet
  facet normal 0 1 -0
    outer loop
      vertex -16.5 53.9831 29
      vertex -65.5814 53.9831 34
      vertex -11.5 53.9831 29
    endloop
  endfacet
  facet normal 0 1 -0
    outer loop
      vertex -39.5 53.9831 29
      vertex -65.5814 53.9831 34
      vertex -16.5 53.9831 29
    endloop
  endfacet
  facet normal 0 1 -0
    outer loop
      vertex -44.5 53.9831 29
      vertex -65.5814 53.9831 34
      vertex -39.5 53.9831 29
    endloop
  endfacet
  facet normal 0 1 -0
    outer loop
      vertex -44.5 53.9831 7
      vertex -65.5814 53.9831 34
      vertex -44.5 53.9831 29
    endloop
  endfacet
  facet normal 0 1 0
    outer loop
      vertex -65.5814 53.9831 0
      vertex 47.1 53.9831 3
      vertex 65.5814 53.9831 0
    endloop
  endfacet
  facet normal 0 1 0
    outer loop
      vertex -44.5 53.9831 7
      vertex -65.5814 53.9831 0
      vertex -65.5814 53.9831 34
    endloop
  endfacet
  facet normal 0 1 0
    outer loop
      vertex -39.5 53.9831 7
      vertex -65.5814 53.9831 0
      vertex -44.5 53.9831 7
    endloop
  endfacet
  facet normal 0 1 0
    outer loop
      vertex 50.5 53.9831 29
      vertex 64.9 53.9831 17.2
      vertex 50.5 53.9831 17.2
    endloop
  endfacet
  facet normal -0.957992 -0.286796 0
    outer loop
      vertex -74.3969 -47.4202 0
      vertex -74.7304 -46.3062 34
      vertex -74.7304 -46.3062 0
    endloop
  endfacet
  facet normal -0.957992 -0.286796 0
    outer loop
      vertex -74.7304 -46.3062 34
      vertex -74.3969 -47.4202 0
      vertex -74.3969 -47.4202 34
    endloop
  endfacet
  facet normal 0.448864 -0.8936 0
    outer loop
      vertex 68.9608 -53.1822 0
      vertex 70 -52.6602 34
      vertex 68.9608 -53.1822 34
    endloop
  endfacet
  facet normal 0.448864 -0.8936 0
    outer loop
      vertex 70 -52.6602 34
      vertex 68.9608 -53.1822 0
      vertex 70 -52.6602 0
    endloop
  endfacet
  facet normal -0.918217 0.396077 0
    outer loop
      vertex -74.3969 47.4202 0
      vertex -73.9363 48.488 34
      vertex -73.9363 48.488 0
    endloop
  endfacet
  facet normal -0.918217 0.396077 0
    outer loop
      vertex -73.9363 48.488 34
      vertex -74.3969 47.4202 0
      vertex -74.3969 47.4202 34
    endloop
  endfacet
  facet normal -0.998309 0.0581322 0
    outer loop
      vertex -75 44 34
      vertex -74.9324 45.1609 8.35166
      vertex -75 44 8
    endloop
  endfacet
  facet normal -0.998309 0.0581322 0
    outer loop
      vertex -74.9324 45.1609 8.35166
      vertex -75 44 34
      vertex -74.9324 45.1609 34
    endloop
  endfacet
  facet normal -0.23064 -0.973039 0
    outer loop
      vertex -67.868 -53.5799 0
      vertex -66.7365 -53.8481 34
      vertex -67.868 -53.5799 34
    endloop
  endfacet
  facet normal -0.23064 -0.973039 -0
    outer loop
      vertex -66.7365 -53.8481 34
      vertex -67.868 -53.5799 0
      vertex -66.7365 -53.8481 0
    endloop
  endfacet
  facet normal 0.341985 0.939706 -0
    outer loop
      vertex 68.9608 53.1822 0
      vertex 67.868 53.5799 34
      vertex 68.9608 53.1822 34
    endloop
  endfacet
  facet normal 0.341985 0.939706 0
    outer loop
      vertex 67.868 53.5799 34
      vertex 68.9608 53.1822 0
      vertex 67.868 53.5799 0
    endloop
  endfacet
  facet normal 0.8021 -0.59719 0
    outer loop
      vertex 72.6604 -50.4279 34
      vertex 73.3549 -49.4951 0
      vertex 73.3549 -49.4951 34
    endloop
  endfacet
  facet normal 0.8021 -0.59719 0
    outer loop
      vertex 73.3549 -49.4951 0
      vertex 72.6604 -50.4279 34
      vertex 72.6604 -50.4279 0
    endloop
  endfacet
  facet normal -0.448864 0.8936 0
    outer loop
      vertex -68.9608 53.1822 0
      vertex -70 52.6602 34
      vertex -68.9608 53.1822 34
    endloop
  endfacet
  facet normal -0.448864 0.8936 0
    outer loop
      vertex -70 52.6602 34
      vertex -68.9608 53.1822 0
      vertex -70 52.6602 0
    endloop
  endfacet
  facet normal 0.984791 -0.173743 0
    outer loop
      vertex 74.9324 -45.1609 34
      vertex 74.8167 -45.8167 8.79415
      vertex 74.9324 -45.1609 8.29305
    endloop
  endfacet
  facet normal 0.9848 -0.173692 -1.35124e-06
    outer loop
      vertex 74.7304 -46.3062 34
      vertex 74.8167 -45.8167 8.79415
      vertex 74.9324 -45.1609 34
    endloop
  endfacet
  facet normal 0.984826 -0.173547 1.5611e-06
    outer loop
      vertex 74.8167 -45.8167 8.79415
      vertex 74.7304 -46.3062 34
      vertex 74.7844 -46 8
    endloop
  endfacet
  facet normal 0.984803 -0.173675 0
    outer loop
      vertex 74.7304 -46.3062 0
      vertex 74.7844 -46 8
      vertex 74.7304 -46.3062 34
    endloop
  endfacet
  facet normal 0.984803 -0.173675 0
    outer loop
      vertex 74.7844 -46 8
      vertex 74.7304 -46.3062 0
      vertex 74.7844 -46 0
    endloop
  endfacet
  facet normal 0.727361 -0.686255 0
    outer loop
      vertex 71.8624 -51.2737 34
      vertex 72.6604 -50.4279 0
      vertex 72.6604 -50.4279 34
    endloop
  endfacet
  facet normal 0.727361 -0.686255 0
    outer loop
      vertex 72.6604 -50.4279 0
      vertex 71.8624 -51.2737 34
      vertex 71.8624 -51.2737 0
    endloop
  endfacet
  facet normal -0.8021 -0.59719 0
    outer loop
      vertex -72.6604 -50.4279 0
      vertex -73.3549 -49.4951 34
      vertex -73.3549 -49.4951 0
    endloop
  endfacet
  facet normal -0.8021 -0.59719 0
    outer loop
      vertex -73.3549 -49.4951 34
      vertex -72.6604 -50.4279 0
      vertex -72.6604 -50.4279 34
    endloop
  endfacet
  facet normal 0.8021 0.59719 0
    outer loop
      vertex 73.3549 49.4951 34
      vertex 72.6604 50.4279 0
      vertex 72.6604 50.4279 34
    endloop
  endfacet
  facet normal 0.8021 0.59719 0
    outer loop
      vertex 72.6604 50.4279 0
      vertex 73.3549 49.4951 34
      vertex 73.3549 49.4951 0
    endloop
  endfacet
  facet normal 0.918217 -0.396077 0
    outer loop
      vertex 73.9363 -48.488 34
      vertex 74.3969 -47.4202 0
      vertex 74.3969 -47.4202 34
    endloop
  endfacet
  facet normal 0.918217 -0.396077 0
    outer loop
      vertex 74.3969 -47.4202 0
      vertex 73.9363 -48.488 34
      vertex 73.9363 -48.488 0
    endloop
  endfacet
  facet normal -0.866044 -0.499968 0
    outer loop
      vertex -73.3549 -49.4951 0
      vertex -73.9363 -48.488 34
      vertex -73.9363 -48.488 0
    endloop
  endfacet
  facet normal -0.866044 -0.499968 0
    outer loop
      vertex -73.9363 -48.488 34
      vertex -73.3549 -49.4951 0
      vertex -73.3549 -49.4951 34
    endloop
  endfacet
  facet normal -0.984803 0.173675 0
    outer loop
      vertex -74.7844 46 8
      vertex -74.7304 46.3062 0
      vertex -74.7844 46 0
    endloop
  endfacet
  facet normal -0.984803 0.173675 0
    outer loop
      vertex -74.7304 46.3062 0
      vertex -74.7844 46 8
      vertex -74.7304 46.3062 34
    endloop
  endfacet
  facet normal -0.984767 0.17388 -2.48795e-06
    outer loop
      vertex -74.8221 45.7865 8.92524
      vertex -74.7304 46.3062 34
      vertex -74.7844 46 8
    endloop
  endfacet
  facet normal -0.98481 0.173633 0
    outer loop
      vertex -74.9324 45.1609 34
      vertex -74.8221 45.7865 8.92524
      vertex -74.9324 45.1609 8.35166
    endloop
  endfacet
  facet normal -0.9848 0.173692 1.52976e-06
    outer loop
      vertex -74.8221 45.7865 8.92524
      vertex -74.9324 45.1609 34
      vertex -74.7304 46.3062 34
    endloop
  endfacet
  facet normal 0.23064 0.973039 -0
    outer loop
      vertex 67.868 53.5799 0
      vertex 66.7365 53.8481 34
      vertex 67.868 53.5799 34
    endloop
  endfacet
  facet normal 0.23064 0.973039 0
    outer loop
      vertex 66.7365 53.8481 34
      vertex 67.868 53.5799 0
      vertex 66.7365 53.8481 0
    endloop
  endfacet
  facet normal 0.54949 -0.8355 0
    outer loop
      vertex 70 -52.6602 0
      vertex 70.9716 -52.0212 34
      vertex 70 -52.6602 34
    endloop
  endfacet
  facet normal 0.54949 -0.8355 0
    outer loop
      vertex 70.9716 -52.0212 34
      vertex 70 -52.6602 0
      vertex 70.9716 -52.0212 0
    endloop
  endfacet
  facet normal 0.116083 -0.99324 0
    outer loop
      vertex 65.5814 -53.9831 0
      vertex 66.7365 -53.8481 34
      vertex 65.5814 -53.9831 34
    endloop
  endfacet
  facet normal 0.116083 -0.99324 0
    outer loop
      vertex 66.7365 -53.8481 34
      vertex 65.5814 -53.9831 0
      vertex 66.7365 -53.8481 0
    endloop
  endfacet
  facet normal -0.116083 0.99324 0
    outer loop
      vertex -65.5814 53.9831 0
      vertex -66.7365 53.8481 34
      vertex -65.5814 53.9831 34
    endloop
  endfacet
  facet normal -0.116083 0.99324 0
    outer loop
      vertex -66.7365 53.8481 34
      vertex -65.5814 53.9831 0
      vertex -66.7365 53.8481 0
    endloop
  endfacet
  facet normal -0.448864 -0.8936 0
    outer loop
      vertex -70 -52.6602 0
      vertex -68.9608 -53.1822 34
      vertex -70 -52.6602 34
    endloop
  endfacet
  facet normal -0.448864 -0.8936 -0
    outer loop
      vertex -68.9608 -53.1822 34
      vertex -70 -52.6602 0
      vertex -68.9608 -53.1822 0
    endloop
  endfacet
  facet normal -0.957992 0.286796 0
    outer loop
      vertex -74.7304 46.3062 0
      vertex -74.3969 47.4202 34
      vertex -74.3969 47.4202 0
    endloop
  endfacet
  facet normal -0.957992 0.286796 0
    outer loop
      vertex -74.3969 47.4202 34
      vertex -74.7304 46.3062 0
      vertex -74.7304 46.3062 34
    endloop
  endfacet
  facet normal -0.54949 -0.8355 0
    outer loop
      vertex -70.9716 -52.0212 0
      vertex -70 -52.6602 34
      vertex -70.9716 -52.0212 34
    endloop
  endfacet
  facet normal -0.54949 -0.8355 -0
    outer loop
      vertex -70 -52.6602 34
      vertex -70.9716 -52.0212 0
      vertex -70 -52.6602 0
    endloop
  endfacet
  facet normal 0.116083 0.99324 -0
    outer loop
      vertex 66.7365 53.8481 0
      vertex 65.5814 53.9831 34
      vertex 66.7365 53.8481 34
    endloop
  endfacet
  facet normal 0.116083 0.99324 0
    outer loop
      vertex 65.5814 53.9831 34
      vertex 66.7365 53.8481 0
      vertex 65.5814 53.9831 0
    endloop
  endfacet
  facet normal -0.918217 -0.396077 0
    outer loop
      vertex -73.9363 -48.488 0
      vertex -74.3969 -47.4202 34
      vertex -74.3969 -47.4202 0
    endloop
  endfacet
  facet normal -0.918217 -0.396077 0
    outer loop
      vertex -74.3969 -47.4202 34
      vertex -73.9363 -48.488 0
      vertex -73.9363 -48.488 34
    endloop
  endfacet
  facet normal 0.866044 -0.499968 0
    outer loop
      vertex 73.3549 -49.4951 34
      vertex 73.9363 -48.488 0
      vertex 73.9363 -48.488 34
    endloop
  endfacet
  facet normal 0.866044 -0.499968 0
    outer loop
      vertex 73.9363 -48.488 0
      vertex 73.3549 -49.4951 34
      vertex 73.3549 -49.4951 0
    endloop
  endfacet
  facet normal -0.23064 0.973039 0
    outer loop
      vertex -66.7365 53.8481 0
      vertex -67.868 53.5799 34
      vertex -66.7365 53.8481 34
    endloop
  endfacet
  facet normal -0.23064 0.973039 0
    outer loop
      vertex -67.868 53.5799 34
      vertex -66.7365 53.8481 0
      vertex -67.868 53.5799 0
    endloop
  endfacet
  facet normal 0.957992 -0.286796 0
    outer loop
      vertex 74.3969 -47.4202 34
      vertex 74.7304 -46.3062 0
      vertex 74.7304 -46.3062 34
    endloop
  endfacet
  facet normal 0.957992 -0.286796 0
    outer loop
      vertex 74.7304 -46.3062 0
      vertex 74.3969 -47.4202 34
      vertex 74.3969 -47.4202 0
    endloop
  endfacet
  facet normal 0.957992 0.286796 0
    outer loop
      vertex 74.7304 46.3062 34
      vertex 74.3969 47.4202 0
      vertex 74.3969 47.4202 34
    endloop
  endfacet
  facet normal 0.957992 0.286796 0
    outer loop
      vertex 74.3969 47.4202 0
      vertex 74.7304 46.3062 34
      vertex 74.7304 46.3062 0
    endloop
  endfacet
  facet normal 0.642803 0.766032 -0
    outer loop
      vertex 71.8624 51.2737 0
      vertex 70.9716 52.0212 34
      vertex 71.8624 51.2737 34
    endloop
  endfacet
  facet normal 0.642803 0.766032 0
    outer loop
      vertex 70.9716 52.0212 34
      vertex 71.8624 51.2737 0
      vertex 70.9716 52.0212 0
    endloop
  endfacet
  facet normal -0.341985 -0.939706 0
    outer loop
      vertex -68.9608 -53.1822 0
      vertex -67.868 -53.5799 34
      vertex -68.9608 -53.1822 34
    endloop
  endfacet
  facet normal -0.341985 -0.939706 -0
    outer loop
      vertex -67.868 -53.5799 34
      vertex -68.9608 -53.1822 0
      vertex -67.868 -53.5799 0
    endloop
  endfacet
  facet normal 0.54949 0.8355 -0
    outer loop
      vertex 70.9716 52.0212 0
      vertex 70 52.6602 34
      vertex 70.9716 52.0212 34
    endloop
  endfacet
  facet normal 0.54949 0.8355 0
    outer loop
      vertex 70 52.6602 34
      vertex 70.9716 52.0212 0
      vertex 70 52.6602 0
    endloop
  endfacet
  facet normal -0.54949 0.8355 0
    outer loop
      vertex -70 52.6602 0
      vertex -70.9716 52.0212 34
      vertex -70 52.6602 34
    endloop
  endfacet
  facet normal -0.54949 0.8355 0
    outer loop
      vertex -70.9716 52.0212 34
      vertex -70 52.6602 0
      vertex -70.9716 52.0212 0
    endloop
  endfacet
  facet normal -0.642803 -0.766032 0
    outer loop
      vertex -71.8624 -51.2737 0
      vertex -70.9716 -52.0212 34
      vertex -71.8624 -51.2737 34
    endloop
  endfacet
  facet normal -0.642803 -0.766032 -0
    outer loop
      vertex -70.9716 -52.0212 34
      vertex -71.8624 -51.2737 0
      vertex -70.9716 -52.0212 0
    endloop
  endfacet
  facet normal -0.727361 -0.686255 0
    outer loop
      vertex -71.8624 -51.2737 0
      vertex -72.6604 -50.4279 34
      vertex -72.6604 -50.4279 0
    endloop
  endfacet
  facet normal -0.727361 -0.686255 0
    outer loop
      vertex -72.6604 -50.4279 34
      vertex -71.8624 -51.2737 0
      vertex -71.8624 -51.2737 34
    endloop
  endfacet
  facet normal 0.448864 0.8936 -0
    outer loop
      vertex 70 52.6602 0
      vertex 68.9608 53.1822 34
      vertex 70 52.6602 34
    endloop
  endfacet
  facet normal 0.448864 0.8936 0
    outer loop
      vertex 68.9608 53.1822 34
      vertex 70 52.6602 0
      vertex 68.9608 53.1822 0
    endloop
  endfacet
  facet normal -0.8021 0.59719 0
    outer loop
      vertex -73.3549 49.4951 0
      vertex -72.6604 50.4279 34
      vertex -72.6604 50.4279 0
    endloop
  endfacet
  facet normal -0.8021 0.59719 0
    outer loop
      vertex -72.6604 50.4279 34
      vertex -73.3549 49.4951 0
      vertex -73.3549 49.4951 34
    endloop
  endfacet
  facet normal 0.727361 0.686255 0
    outer loop
      vertex 72.6604 50.4279 34
      vertex 71.8624 51.2737 0
      vertex 71.8624 51.2737 34
    endloop
  endfacet
  facet normal 0.727361 0.686255 0
    outer loop
      vertex 71.8624 51.2737 0
      vertex 72.6604 50.4279 34
      vertex 72.6604 50.4279 0
    endloop
  endfacet
  facet normal -0.727361 0.686255 0
    outer loop
      vertex -72.6604 50.4279 0
      vertex -71.8624 51.2737 34
      vertex -71.8624 51.2737 0
    endloop
  endfacet
  facet normal -0.727361 0.686255 0
    outer loop
      vertex -71.8624 51.2737 34
      vertex -72.6604 50.4279 0
      vertex -72.6604 50.4279 34
    endloop
  endfacet
  facet normal -0 0 1
    outer loop
      vertex 72 37 58
      vertex 75 13.2 58
      vertex 75 37 58
    endloop
  endfacet
  facet normal 0 0 1
    outer loop
      vertex 75 13.2 58
      vertex 72 37 58
      vertex 72 13.2 58
    endloop
  endfacet
  facet normal -0 0 1
    outer loop
      vertex 72 -13.2 58
      vertex 75 -37 58
      vertex 75 -13.2 58
    endloop
  endfacet
  facet normal 0 0 1
    outer loop
      vertex 75 -37 58
      vertex 72 -13.2 58
      vertex 72 -37 58
    endloop
  endfacet
  facet normal -1 0 0
    outer loop
      vertex 72 -44 3
      vertex 72 -28.7 27
      vertex 72 -28.7 3
    endloop
  endfacet
  facet normal -1 0 0
    outer loop
      vertex 72 -44 34
      vertex 72 -28.7 27
      vertex 72 -44 3
    endloop
  endfacet
  facet normal -1 0 0
    outer loop
      vertex 72 -28.7 27
      vertex 72 -44 34
      vertex 72 -37 34
    endloop
  endfacet
  facet normal -1 0 0
    outer loop
      vertex 72 27.3 3
      vertex 72 13.2 33.5
      vertex 72 27.3 27
    endloop
  endfacet
  facet normal -1 0 0
    outer loop
      vertex 72 27.3 3
      vertex 72 -13.2 33.5
      vertex 72 13.2 33.5
    endloop
  endfacet
  facet normal -1 0 0
    outer loop
      vertex 72 -27.3 3
      vertex 72 -13.2 33.5
      vertex 72 27.3 3
    endloop
  endfacet
  facet normal -1 0 0
    outer loop
      vertex 72 -27.3 27
      vertex 72 -13.2 33.5
      vertex 72 -27.3 3
    endloop
  endfacet
  facet normal -1 -0 0
    outer loop
      vertex 72 -13.2 33.5
      vertex 72 -27.3 27
      vertex 72 -13.2 34.2
    endloop
  endfacet
  facet normal -1 0 0
    outer loop
      vertex 72 -37 34.2
      vertex 72 -27.3 27
      vertex 72 -28.7 27
    endloop
  endfacet
  facet normal -1 0 0
    outer loop
      vertex 72 -37 34.2
      vertex 72 -28.7 27
      vertex 72 -37 34
    endloop
  endfacet
  facet normal -1 0 0
    outer loop
      vertex 72 -27.3 27
      vertex 72 -37 34.2
      vertex 72 -13.2 34.2
    endloop
  endfacet
  facet normal -1 0 0
    outer loop
      vertex 72 28.7 27
      vertex 72 44 34
      vertex 72 44 3
    endloop
  endfacet
  facet normal -1 0 0
    outer loop
      vertex 72 28.7 27
      vertex 72 44 3
      vertex 72 28.7 3
    endloop
  endfacet
  facet normal -1 -0 0
    outer loop
      vertex 72 44 34
      vertex 72 28.7 27
      vertex 72 37 34
    endloop
  endfacet
  facet normal -1 -0 0
    outer loop
      vertex 72 37 34
      vertex 72 28.7 27
      vertex 72 37 34.2
    endloop
  endfacet
  facet normal -1 0 0
    outer loop
      vertex 72 27.3 27
      vertex 72 37 34.2
      vertex 72 28.7 27
    endloop
  endfacet
  facet normal -1 0 0
    outer loop
      vertex 72 13.2 34.2
      vertex 72 27.3 27
      vertex 72 13.2 33.5
    endloop
  endfacet
  facet normal -1 0 0
    outer loop
      vertex 72 27.3 27
      vertex 72 13.2 34.2
      vertex 72 37 34.2
    endloop
  endfacet
  facet normal -1 0 0
    outer loop
      vertex 72 13.2 34.2
      vertex 72 37 58
      vertex 72 37 34.2
    endloop
  endfacet
  facet normal -1 -0 0
    outer loop
      vertex 72 37 58
      vertex 72 13.2 34.2
      vertex 72 13.2 58
    endloop
  endfacet
  facet normal -1 0 0
    outer loop
      vertex 72 -37 34.2
      vertex 72 -13.2 58
      vertex 72 -13.2 34.2
    endloop
  endfacet
  facet normal -1 -0 0
    outer loop
      vertex 72 -13.2 58
      vertex 72 -37 34.2
      vertex 72 -37 58
    endloop
  endfacet
  facet normal 0 1 0
    outer loop
      vertex 75 37 58
      vertex 72 37 34.2
      vertex 72 37 58
    endloop
  endfacet
  facet normal 0 1 -0
    outer loop
      vertex 75 37 34
      vertex 72 37 34.2
      vertex 75 37 58
    endloop
  endfacet
  facet normal 0 1 0
    outer loop
      vertex 72 37 34.2
      vertex 75 37 34
      vertex 72 37 34
    endloop
  endfacet
  facet normal 0 -1 0
    outer loop
      vertex 72 -37 34.2
      vertex 75 -37 58
      vertex 72 -37 58
    endloop
  endfacet
  facet normal 0 -1 0
    outer loop
      vertex 75 -37 34
      vertex 72 -37 34.2
      vertex 72 -37 34
    endloop
  endfacet
  facet normal 0 -1 0
    outer loop
      vertex 72 -37 34.2
      vertex 75 -37 34
      vertex 75 -37 58
    endloop
  endfacet
  facet normal -0.984795 -0.173718 0
    outer loop
      vertex 58.4402 -17.2317 1.6
      vertex 58.4109 -17.0656 3
      vertex 58.4109 -17.0656 1.6
    endloop
  endfacet
  facet normal -0.984795 -0.173718 0
    outer loop
      vertex 58.4109 -17.0656 3
      vertex 58.4402 -17.2317 1.6
      vertex 58.4402 -17.2317 3
    endloop
  endfacet
  facet normal -0.998309 -0.0581309 0
    outer loop
      vertex 58.45 -17.4 1.6
      vertex 58.4402 -17.2317 3
      vertex 58.4402 -17.2317 1.6
    endloop
  endfacet
  facet normal -0.998309 -0.0581309 0
    outer loop
      vertex 58.4402 -17.2317 3
      vertex 58.45 -17.4 1.6
      vertex 58.45 -17.4 3
    endloop
  endfacet
  facet normal 0.115637 0.993292 -0
    outer loop
      vertex 56.9157 -18.8475 1.6
      vertex 56.7482 -18.828 3
      vertex 56.9157 -18.8475 3
    endloop
  endfacet
  facet normal 0.115637 0.993292 0
    outer loop
      vertex 56.7482 -18.828 3
      vertex 56.9157 -18.8475 1.6
      vertex 56.7482 -18.828 1.6
    endloop
  endfacet
  facet normal 0.958071 0.286531 0
    outer loop
      vertex 55.6374 -17.8959 3
      vertex 55.5891 -17.7344 1.6
      vertex 55.5891 -17.7344 3
    endloop
  endfacet
  facet normal 0.958071 0.286531 0
    outer loop
      vertex 55.5891 -17.7344 1.6
      vertex 55.6374 -17.8959 3
      vertex 55.6374 -17.8959 1.6
    endloop
  endfacet
  facet normal -0.918253 0.395993 0
    outer loop
      vertex 58.2958 -18.0508 1.6
      vertex 58.3626 -17.8959 3
      vertex 58.3626 -17.8959 1.6
    endloop
  endfacet
  facet normal -0.918253 0.395993 0
    outer loop
      vertex 58.3626 -17.8959 3
      vertex 58.2958 -18.0508 1.6
      vertex 58.2958 -18.0508 3
    endloop
  endfacet
  facet normal -0.866008 -0.500031 0
    outer loop
      vertex 58.2958 -16.7492 1.6
      vertex 58.2115 -16.6032 3
      vertex 58.2115 -16.6032 1.6
    endloop
  endfacet
  facet normal -0.866008 -0.500031 0
    outer loop
      vertex 58.2115 -16.6032 3
      vertex 58.2958 -16.7492 1.6
      vertex 58.2958 -16.7492 3
    endloop
  endfacet
  facet normal -0.984795 0.173718 0
    outer loop
      vertex 58.4109 -17.7344 1.6
      vertex 58.4402 -17.5683 3
      vertex 58.4402 -17.5683 1.6
    endloop
  endfacet
  facet normal -0.984795 0.173718 0
    outer loop
      vertex 58.4402 -17.5683 3
      vertex 58.4109 -17.7344 1.6
      vertex 58.4109 -17.7344 3
    endloop
  endfacet
  facet normal -0.230658 0.973035 0
    outer loop
      vertex 57.4159 -18.7891 1.6
      vertex 57.2518 -18.828 3
      vertex 57.4159 -18.7891 3
    endloop
  endfacet
  facet normal -0.230658 0.973035 0
    outer loop
      vertex 57.2518 -18.828 3
      vertex 57.4159 -18.7891 1.6
      vertex 57.2518 -18.828 1.6
    endloop
  endfacet
  facet normal -0.643039 -0.765833 0
    outer loop
      vertex 57.8659 -16.2369 1.6
      vertex 57.995 -16.3453 3
      vertex 57.8659 -16.2369 3
    endloop
  endfacet
  facet normal -0.643039 -0.765833 -0
    outer loop
      vertex 57.995 -16.3453 3
      vertex 57.8659 -16.2369 1.6
      vertex 57.995 -16.3453 1.6
    endloop
  endfacet
  facet normal 0 -1 0
    outer loop
      vertex 56.9157 -15.9525 1.6
      vertex 57.0843 -15.9525 3
      vertex 56.9157 -15.9525 3
    endloop
  endfacet
  facet normal 0 -1 -0
    outer loop
      vertex 57.0843 -15.9525 3
      vertex 56.9157 -15.9525 1.6
      vertex 57.0843 -15.9525 1.6
    endloop
  endfacet
  facet normal 0.866008 -0.500031 0
    outer loop
      vertex 55.7042 -16.7492 3
      vertex 55.7885 -16.6032 1.6
      vertex 55.7885 -16.6032 3
    endloop
  endfacet
  facet normal 0.866008 -0.500031 0
    outer loop
      vertex 55.7885 -16.6032 1.6
      vertex 55.7042 -16.7492 3
      vertex 55.7042 -16.7492 1.6
    endloop
  endfacet
  facet normal -0.866008 0.500031 0
    outer loop
      vertex 58.2115 -18.1968 1.6
      vertex 58.2958 -18.0508 3
      vertex 58.2958 -18.0508 1.6
    endloop
  endfacet
  facet normal -0.866008 0.500031 0
    outer loop
      vertex 58.2958 -18.0508 3
      vertex 58.2115 -18.1968 1.6
      vertex 58.2115 -18.1968 3
    endloop
  endfacet
  facet normal -0.549213 0.835682 0
    outer loop
      vertex 57.8659 -18.5631 1.6
      vertex 57.725 -18.6557 3
      vertex 57.8659 -18.5631 3
    endloop
  endfacet
  facet normal -0.549213 0.835682 0
    outer loop
      vertex 57.725 -18.6557 3
      vertex 57.8659 -18.5631 1.6
      vertex 57.725 -18.6557 1.6
    endloop
  endfacet
  facet normal 0.998309 0.0581309 0
    outer loop
      vertex 55.5598 -17.5683 3
      vertex 55.55 -17.4 1.6
      vertex 55.55 -17.4 3
    endloop
  endfacet
  facet normal 0.998309 0.0581309 0
    outer loop
      vertex 55.55 -17.4 1.6
      vertex 55.5598 -17.5683 3
      vertex 55.5598 -17.5683 1.6
    endloop
  endfacet
  facet normal 0.958071 -0.286531 0
    outer loop
      vertex 55.5891 -17.0656 3
      vertex 55.6374 -16.9041 1.6
      vertex 55.6374 -16.9041 3
    endloop
  endfacet
  facet normal 0.958071 -0.286531 0
    outer loop
      vertex 55.6374 -16.9041 1.6
      vertex 55.5891 -17.0656 3
      vertex 55.5891 -17.0656 1.6
    endloop
  endfacet
  facet normal 0.448873 -0.893596 0
    outer loop
      vertex 56.275 -16.1443 1.6
      vertex 56.4257 -16.0686 3
      vertex 56.275 -16.1443 3
    endloop
  endfacet
  facet normal 0.448873 -0.893596 0
    outer loop
      vertex 56.4257 -16.0686 3
      vertex 56.275 -16.1443 1.6
      vertex 56.4257 -16.0686 1.6
    endloop
  endfacet
  facet normal -0.998309 0.0581309 0
    outer loop
      vertex 58.4402 -17.5683 1.6
      vertex 58.45 -17.4 3
      vertex 58.45 -17.4 1.6
    endloop
  endfacet
  facet normal -0.998309 0.0581309 0
    outer loop
      vertex 58.45 -17.4 3
      vertex 58.4402 -17.5683 1.6
      vertex 58.4402 -17.5683 3
    endloop
  endfacet
  facet normal -0.958071 0.286531 0
    outer loop
      vertex 58.3626 -17.8959 1.6
      vertex 58.4109 -17.7344 3
      vertex 58.4109 -17.7344 1.6
    endloop
  endfacet
  facet normal -0.958071 0.286531 0
    outer loop
      vertex 58.4109 -17.7344 3
      vertex 58.3626 -17.8959 1.6
      vertex 58.3626 -17.8959 3
    endloop
  endfacet
  facet normal 0.918253 0.395993 0
    outer loop
      vertex 55.7042 -18.0508 3
      vertex 55.6374 -17.8959 1.6
      vertex 55.6374 -17.8959 3
    endloop
  endfacet
  facet normal 0.918253 0.395993 0
    outer loop
      vertex 55.6374 -17.8959 1.6
      vertex 55.7042 -18.0508 3
      vertex 55.7042 -18.0508 1.6
    endloop
  endfacet
  facet normal -0.342267 0.939603 0
    outer loop
      vertex 57.5743 -18.7314 1.6
      vertex 57.4159 -18.7891 3
      vertex 57.5743 -18.7314 3
    endloop
  endfacet
  facet normal -0.342267 0.939603 0
    outer loop
      vertex 57.4159 -18.7891 3
      vertex 57.5743 -18.7314 1.6
      vertex 57.4159 -18.7891 1.6
    endloop
  endfacet
  facet normal 0.72726 0.686362 0
    outer loop
      vertex 56.005 -18.4547 3
      vertex 55.8892 -18.332 1.6
      vertex 55.8892 -18.332 3
    endloop
  endfacet
  facet normal 0.72726 0.686362 0
    outer loop
      vertex 55.8892 -18.332 1.6
      vertex 56.005 -18.4547 3
      vertex 56.005 -18.4547 1.6
    endloop
  endfacet
  facet normal -0.918253 -0.395993 0
    outer loop
      vertex 58.3626 -16.9041 1.6
      vertex 58.2958 -16.7492 3
      vertex 58.2958 -16.7492 1.6
    endloop
  endfacet
  facet normal -0.918253 -0.395993 0
    outer loop
      vertex 58.2958 -16.7492 3
      vertex 58.3626 -16.9041 1.6
      vertex 58.3626 -16.9041 3
    endloop
  endfacet
  facet normal 0.801989 0.597339 0
    outer loop
      vertex 55.8892 -18.332 3
      vertex 55.7885 -18.1968 1.6
      vertex 55.7885 -18.1968 3
    endloop
  endfacet
  facet normal 0.801989 0.597339 0
    outer loop
      vertex 55.7885 -18.1968 1.6
      vertex 55.8892 -18.332 3
      vertex 55.8892 -18.332 1.6
    endloop
  endfacet
  facet normal 0.918253 -0.395993 0
    outer loop
      vertex 55.6374 -16.9041 3
      vertex 55.7042 -16.7492 1.6
      vertex 55.7042 -16.7492 3
    endloop
  endfacet
  facet normal 0.918253 -0.395993 0
    outer loop
      vertex 55.7042 -16.7492 1.6
      vertex 55.6374 -16.9041 3
      vertex 55.6374 -16.9041 1.6
    endloop
  endfacet
  facet normal -0.801989 0.597339 0
    outer loop
      vertex 58.1108 -18.332 1.6
      vertex 58.2115 -18.1968 3
      vertex 58.2115 -18.1968 1.6
    endloop
  endfacet
  facet normal -0.801989 0.597339 0
    outer loop
      vertex 58.2115 -18.1968 3
      vertex 58.1108 -18.332 1.6
      vertex 58.1108 -18.332 3
    endloop
  endfacet
  facet normal 0.230658 0.973035 -0
    outer loop
      vertex 56.7482 -18.828 1.6
      vertex 56.5841 -18.7891 3
      vertex 56.7482 -18.828 3
    endloop
  endfacet
  facet normal 0.230658 0.973035 0
    outer loop
      vertex 56.5841 -18.7891 3
      vertex 56.7482 -18.828 1.6
      vertex 56.5841 -18.7891 1.6
    endloop
  endfacet
  facet normal 0.643039 0.765833 -0
    outer loop
      vertex 56.1341 -18.5631 1.6
      vertex 56.005 -18.4547 3
      vertex 56.1341 -18.5631 3
    endloop
  endfacet
  facet normal 0.643039 0.765833 0
    outer loop
      vertex 56.005 -18.4547 3
      vertex 56.1341 -18.5631 1.6
      vertex 56.005 -18.4547 1.6
    endloop
  endfacet
  facet normal -0.72726 -0.686362 0
    outer loop
      vertex 58.1108 -16.468 1.6
      vertex 57.995 -16.3453 3
      vertex 57.995 -16.3453 1.6
    endloop
  endfacet
  facet normal -0.72726 -0.686362 0
    outer loop
      vertex 57.995 -16.3453 3
      vertex 58.1108 -16.468 1.6
      vertex 58.1108 -16.468 3
    endloop
  endfacet
  facet normal 0.866008 0.500031 0
    outer loop
      vertex 55.7885 -18.1968 3
      vertex 55.7042 -18.0508 1.6
      vertex 55.7042 -18.0508 3
    endloop
  endfacet
  facet normal 0.866008 0.500031 0
    outer loop
      vertex 55.7042 -18.0508 1.6
      vertex 55.7885 -18.1968 3
      vertex 55.7885 -18.1968 1.6
    endloop
  endfacet
  facet normal -0.115637 0.993292 0
    outer loop
      vertex 57.2518 -18.828 1.6
      vertex 57.0843 -18.8475 3
      vertex 57.2518 -18.828 3
    endloop
  endfacet
  facet normal -0.115637 0.993292 0
    outer loop
      vertex 57.0843 -18.8475 3
      vertex 57.2518 -18.828 1.6
      vertex 57.0843 -18.8475 1.6
    endloop
  endfacet
  facet normal -0.448873 -0.893596 0
    outer loop
      vertex 57.5743 -16.0686 1.6
      vertex 57.725 -16.1443 3
      vertex 57.5743 -16.0686 3
    endloop
  endfacet
  facet normal -0.448873 -0.893596 -0
    outer loop
      vertex 57.725 -16.1443 3
      vertex 57.5743 -16.0686 1.6
      vertex 57.725 -16.1443 1.6
    endloop
  endfacet
  facet normal 0.643039 -0.765833 0
    outer loop
      vertex 56.005 -16.3453 1.6
      vertex 56.1341 -16.2369 3
      vertex 56.005 -16.3453 3
    endloop
  endfacet
  facet normal 0.643039 -0.765833 0
    outer loop
      vertex 56.1341 -16.2369 3
      vertex 56.005 -16.3453 1.6
      vertex 56.1341 -16.2369 1.6
    endloop
  endfacet
  facet normal 0.342267 -0.939603 0
    outer loop
      vertex 56.4257 -16.0686 1.6
      vertex 56.5841 -16.0109 3
      vertex 56.4257 -16.0686 3
    endloop
  endfacet
  facet normal 0.342267 -0.939603 0
    outer loop
      vertex 56.5841 -16.0109 3
      vertex 56.4257 -16.0686 1.6
      vertex 56.5841 -16.0109 1.6
    endloop
  endfacet
  facet normal 0.115637 -0.993292 0
    outer loop
      vertex 56.7482 -15.972 1.6
      vertex 56.9157 -15.9525 3
      vertex 56.7482 -15.972 3
    endloop
  endfacet
  facet normal 0.115637 -0.993292 0
    outer loop
      vertex 56.9157 -15.9525 3
      vertex 56.7482 -15.972 1.6
      vertex 56.9157 -15.9525 1.6
    endloop
  endfacet
  facet normal -0.72726 0.686362 0
    outer loop
      vertex 57.995 -18.4547 1.6
      vertex 58.1108 -18.332 3
      vertex 58.1108 -18.332 1.6
    endloop
  endfacet
  facet normal -0.72726 0.686362 0
    outer loop
      vertex 58.1108 -18.332 3
      vertex 57.995 -18.4547 1.6
      vertex 57.995 -18.4547 3
    endloop
  endfacet
  facet normal -0.549213 -0.835682 0
    outer loop
      vertex 57.725 -16.1443 1.6
      vertex 57.8659 -16.2369 3
      vertex 57.725 -16.1443 3
    endloop
  endfacet
  facet normal -0.549213 -0.835682 -0
    outer loop
      vertex 57.8659 -16.2369 3
      vertex 57.725 -16.1443 1.6
      vertex 57.8659 -16.2369 1.6
    endloop
  endfacet
  facet normal -0.342267 -0.939603 0
    outer loop
      vertex 57.4159 -16.0109 1.6
      vertex 57.5743 -16.0686 3
      vertex 57.4159 -16.0109 3
    endloop
  endfacet
  facet normal -0.342267 -0.939603 -0
    outer loop
      vertex 57.5743 -16.0686 3
      vertex 57.4159 -16.0109 1.6
      vertex 57.5743 -16.0686 1.6
    endloop
  endfacet
  facet normal -0.801989 -0.597339 0
    outer loop
      vertex 58.2115 -16.6032 1.6
      vertex 58.1108 -16.468 3
      vertex 58.1108 -16.468 1.6
    endloop
  endfacet
  facet normal -0.801989 -0.597339 0
    outer loop
      vertex 58.1108 -16.468 3
      vertex 58.2115 -16.6032 1.6
      vertex 58.2115 -16.6032 3
    endloop
  endfacet
  facet normal 0.549213 -0.835682 0
    outer loop
      vertex 56.1341 -16.2369 1.6
      vertex 56.275 -16.1443 3
      vertex 56.1341 -16.2369 3
    endloop
  endfacet
  facet normal 0.549213 -0.835682 0
    outer loop
      vertex 56.275 -16.1443 3
      vertex 56.1341 -16.2369 1.6
      vertex 56.275 -16.1443 1.6
    endloop
  endfacet
  facet normal 0.549213 0.835682 -0
    outer loop
      vertex 56.275 -18.6557 1.6
      vertex 56.1341 -18.5631 3
      vertex 56.275 -18.6557 3
    endloop
  endfacet
  facet normal 0.549213 0.835682 0
    outer loop
      vertex 56.1341 -18.5631 3
      vertex 56.275 -18.6557 1.6
      vertex 56.1341 -18.5631 1.6
    endloop
  endfacet
  facet normal 0.230658 -0.973035 0
    outer loop
      vertex 56.5841 -16.0109 1.6
      vertex 56.7482 -15.972 3
      vertex 56.5841 -16.0109 3
    endloop
  endfacet
  facet normal 0.230658 -0.973035 0
    outer loop
      vertex 56.7482 -15.972 3
      vertex 56.5841 -16.0109 1.6
      vertex 56.7482 -15.972 1.6
    endloop
  endfacet
  facet normal -0.958071 -0.286531 0
    outer loop
      vertex 58.4109 -17.0656 1.6
      vertex 58.3626 -16.9041 3
      vertex 58.3626 -16.9041 1.6
    endloop
  endfacet
  facet normal -0.958071 -0.286531 0
    outer loop
      vertex 58.3626 -16.9041 3
      vertex 58.4109 -17.0656 1.6
      vertex 58.4109 -17.0656 3
    endloop
  endfacet
  facet normal 0.72726 -0.686362 0
    outer loop
      vertex 55.8892 -16.468 3
      vertex 56.005 -16.3453 1.6
      vertex 56.005 -16.3453 3
    endloop
  endfacet
  facet normal 0.72726 -0.686362 0
    outer loop
      vertex 56.005 -16.3453 1.6
      vertex 55.8892 -16.468 3
      vertex 55.8892 -16.468 1.6
    endloop
  endfacet
  facet normal -0.643039 0.765833 0
    outer loop
      vertex 57.995 -18.4547 1.6
      vertex 57.8659 -18.5631 3
      vertex 57.995 -18.4547 3
    endloop
  endfacet
  facet normal -0.643039 0.765833 0
    outer loop
      vertex 57.8659 -18.5631 3
      vertex 57.995 -18.4547 1.6
      vertex 57.8659 -18.5631 1.6
    endloop
  endfacet
  facet normal -0.115637 -0.993292 0
    outer loop
      vertex 57.0843 -15.9525 1.6
      vertex 57.2518 -15.972 3
      vertex 57.0843 -15.9525 3
    endloop
  endfacet
  facet normal -0.115637 -0.993292 -0
    outer loop
      vertex 57.2518 -15.972 3
      vertex 57.0843 -15.9525 1.6
      vertex 57.2518 -15.972 1.6
    endloop
  endfacet
  facet normal -0.448873 0.893596 0
    outer loop
      vertex 57.725 -18.6557 1.6
      vertex 57.5743 -18.7314 3
      vertex 57.725 -18.6557 3
    endloop
  endfacet
  facet normal -0.448873 0.893596 0
    outer loop
      vertex 57.5743 -18.7314 3
      vertex 57.725 -18.6557 1.6
      vertex 57.5743 -18.7314 1.6
    endloop
  endfacet
  facet normal 0.342267 0.939603 -0
    outer loop
      vertex 56.5841 -18.7891 1.6
      vertex 56.4257 -18.7314 3
      vertex 56.5841 -18.7891 3
    endloop
  endfacet
  facet normal 0.342267 0.939603 0
    outer loop
      vertex 56.4257 -18.7314 3
      vertex 56.5841 -18.7891 1.6
      vertex 56.4257 -18.7314 1.6
    endloop
  endfacet
  facet normal 0.984795 -0.173718 0
    outer loop
      vertex 55.5598 -17.2317 3
      vertex 55.5891 -17.0656 1.6
      vertex 55.5891 -17.0656 3
    endloop
  endfacet
  facet normal 0.984795 -0.173718 0
    outer loop
      vertex 55.5891 -17.0656 1.6
      vertex 55.5598 -17.2317 3
      vertex 55.5598 -17.2317 1.6
    endloop
  endfacet
  facet normal 0 1 -0
    outer loop
      vertex 57.0843 -18.8475 1.6
      vertex 56.9157 -18.8475 3
      vertex 57.0843 -18.8475 3
    endloop
  endfacet
  facet normal 0 1 0
    outer loop
      vertex 56.9157 -18.8475 3
      vertex 57.0843 -18.8475 1.6
      vertex 56.9157 -18.8475 1.6
    endloop
  endfacet
  facet normal 0.984795 0.173718 0
    outer loop
      vertex 55.5891 -17.7344 3
      vertex 55.5598 -17.5683 1.6
      vertex 55.5598 -17.5683 3
    endloop
  endfacet
  facet normal 0.984795 0.173718 0
    outer loop
      vertex 55.5598 -17.5683 1.6
      vertex 55.5891 -17.7344 3
      vertex 55.5891 -17.7344 1.6
    endloop
  endfacet
  facet normal -0.230658 -0.973035 0
    outer loop
      vertex 57.2518 -15.972 1.6
      vertex 57.4159 -16.0109 3
      vertex 57.2518 -15.972 3
    endloop
  endfacet
  facet normal -0.230658 -0.973035 -0
    outer loop
      vertex 57.4159 -16.0109 3
      vertex 57.2518 -15.972 1.6
      vertex 57.4159 -16.0109 1.6
    endloop
  endfacet
  facet normal 0.448873 0.893596 -0
    outer loop
      vertex 56.4257 -18.7314 1.6
      vertex 56.275 -18.6557 3
      vertex 56.4257 -18.7314 3
    endloop
  endfacet
  facet normal 0.448873 0.893596 0
    outer loop
      vertex 56.275 -18.6557 3
      vertex 56.4257 -18.7314 1.6
      vertex 56.275 -18.6557 1.6
    endloop
  endfacet
  facet normal 0.998309 -0.0581309 0
    outer loop
      vertex 55.55 -17.4 3
      vertex 55.5598 -17.2317 1.6
      vertex 55.5598 -17.2317 3
    endloop
  endfacet
  facet normal 0.998309 -0.0581309 0
    outer loop
      vertex 55.5598 -17.2317 1.6
      vertex 55.55 -17.4 3
      vertex 55.55 -17.4 1.6
    endloop
  endfacet
  facet normal 0.801989 -0.597339 0
    outer loop
      vertex 55.7885 -16.6032 3
      vertex 55.8892 -16.468 1.6
      vertex 55.8892 -16.468 3
    endloop
  endfacet
  facet normal 0.801989 -0.597339 0
    outer loop
      vertex 55.8892 -16.468 1.6
      vertex 55.7885 -16.6032 3
      vertex 55.7885 -16.6032 1.6
    endloop
  endfacet
  facet normal -0.819446 -0.0478733 -0.571154
    outer loop
      vertex 59.5481 -17.1073 0
      vertex 59.5652 -17.4 0
      vertex 58.45 -17.4 1.6
    endloop
  endfacet
  facet normal -0.658325 0.490313 -0.571141
    outer loop
      vertex 59.1432 -18.8096 0
      vertex 58.9681 -19.0447 0
      vertex 58.2115 -18.1968 1.6
    endloop
  endfacet
  facet normal 0.189256 -0.79874 -0.571136
    outer loop
      vertex 56.5496 -14.875 0
      vertex 56.5841 -16.0109 1.6
      vertex 56.2643 -14.9426 0
    endloop
  endfacet
  facet normal 0.0977955 -0.814962 -0.571203
    outer loop
      vertex 56.5596 -14.8732 0
      vertex 56.7482 -15.972 1.6
      vertex 56.5546 -14.8738 0
    endloop
  endfacet
  facet normal 0.0949215 -0.815352 -0.571132
    outer loop
      vertex 56.7482 -15.972 1.6
      vertex 56.5596 -14.8732 0
      vertex 56.9157 -15.9525 1.6
    endloop
  endfacet
  facet normal 0.367045 -0.73409 -0.571305
    outer loop
      vertex 55.984 -15.0446 0
      vertex 56.275 -16.1443 1.6
      vertex 55.9794 -15.0469 0
    endloop
  endfacet
  facet normal 0.368454 -0.7335 -0.571156
    outer loop
      vertex 56.275 -16.1443 1.6
      vertex 55.984 -15.0446 0
      vertex 56.4257 -16.0686 1.6
    endloop
  endfacet
  facet normal -0.0951932 0.815301 -0.571158
    outer loop
      vertex 57.4404 -19.9268 0
      vertex 57.1492 -19.9608 0
      vertex 57.0843 -18.8475 1.6
    endloop
  endfacet
  facet normal -0.789478 -0.225565 -0.570828
    outer loop
      vertex 59.4119 -16.5276 0
      vertex 58.3626 -16.9041 1.6
      vertex 59.4105 -16.5227 0
    endloop
  endfacet
  facet normal -0.786453 -0.235206 -0.571113
    outer loop
      vertex 58.3626 -16.9041 1.6
      vertex 59.4119 -16.5276 0
      vertex 58.4109 -17.0656 1.6
    endloop
  endfacet
  facet normal 0.447958 -0.687935 -0.571033
    outer loop
      vertex 55.4725 -15.3396 0
      vertex 56.1341 -16.2369 1.6
      vertex 55.4682 -15.3424 0
    endloop
  endfacet
  facet normal 0.450829 -0.685981 -0.571125
    outer loop
      vertex 56.1341 -16.2369 1.6
      vertex 55.4725 -15.3396 0
      vertex 56.275 -16.1443 1.6
    endloop
  endfacet
  facet normal 0.658313 0.490327 -0.571142
    outer loop
      vertex 55.8892 -18.332 1.6
      vertex 55.0319 -19.0447 0
      vertex 55.7885 -18.1968 1.6
    endloop
  endfacet
  facet normal 0.654683 0.495004 -0.571281
    outer loop
      vertex 55.0319 -19.0447 0
      vertex 55.8892 -18.332 1.6
      vertex 55.035 -19.0488 0
    endloop
  endfacet
  facet normal -0.710988 0.410239 -0.571139
    outer loop
      vertex 59.2897 -18.5557 0
      vertex 59.1432 -18.8096 0
      vertex 58.2115 -18.1968 1.6
    endloop
  endfacet
  facet normal 0.78634 -0.23551 -0.571144
    outer loop
      vertex 54.5881 -16.5276 0
      vertex 55.5891 -17.0656 1.6
      vertex 54.504 -16.8084 0
    endloop
  endfacet
  facet normal 0.753749 0.325051 -0.571143
    outer loop
      vertex 55.7042 -18.0508 1.6
      vertex 54.5895 -18.2773 0
      vertex 55.6374 -17.8959 1.6
    endloop
  endfacet
  facet normal 0.750134 0.335166 -0.570056
    outer loop
      vertex 54.5895 -18.2773 0
      vertex 55.7042 -18.0508 1.6
      vertex 54.5916 -18.282 0
    endloop
  endfacet
  facet normal 0.189256 0.79874 -0.571136
    outer loop
      vertex 56.5841 -18.7891 1.6
      vertex 56.5496 -19.925 0
      vertex 56.2643 -19.8574 0
    endloop
  endfacet
  facet normal 0.527695 -0.628755 -0.571143
    outer loop
      vertex 55.4643 -15.3457 0
      vertex 56.005 -16.3453 1.6
      vertex 55.2397 -15.5342 0
    endloop
  endfacet
  facet normal 0.368434 0.733509 -0.571157
    outer loop
      vertex 56.4257 -18.7314 1.6
      vertex 55.984 -19.7554 0
      vertex 55.722 -19.6238 0
    endloop
  endfacet
  facet normal -0.786453 0.235206 -0.571113
    outer loop
      vertex 59.4119 -18.2724 0
      vertex 58.3626 -17.8959 1.6
      vertex 58.4109 -17.7344 1.6
    endloop
  endfacet
  facet normal -0.789478 0.225565 -0.570828
    outer loop
      vertex 58.3626 -17.8959 1.6
      vertex 59.4119 -18.2724 0
      vertex 59.4105 -18.2773 0
    endloop
  endfacet
  facet normal -0.368434 0.733509 -0.571157
    outer loop
      vertex 58.278 -19.6238 0
      vertex 58.016 -19.7554 0
      vertex 57.5743 -18.7314 1.6
    endloop
  endfacet
  facet normal 0.78634 0.23551 -0.571144
    outer loop
      vertex 55.5891 -17.7344 1.6
      vertex 54.5881 -18.2724 0
      vertex 54.504 -17.9916 0
    endloop
  endfacet
  facet normal -0.451111 -0.685767 -0.571158
    outer loop
      vertex 58.2826 -15.1785 0
      vertex 58.5275 -15.3396 0
      vertex 57.725 -16.1443 1.6
    endloop
  endfacet
  facet normal -0.191603 0.798345 -0.570906
    outer loop
      vertex 57.4454 -19.9262 0
      vertex 57.4159 -18.7891 1.6
      vertex 57.4504 -19.925 0
    endloop
  endfacet
  facet normal -0.189338 0.798723 -0.571133
    outer loop
      vertex 57.4159 -18.7891 1.6
      vertex 57.4454 -19.9262 0
      vertex 57.2518 -18.828 1.6
    endloop
  endfacet
  facet normal -0.753749 0.325051 -0.571143
    outer loop
      vertex 59.4105 -18.2773 0
      vertex 58.2958 -18.0508 1.6
      vertex 58.3626 -17.8959 1.6
    endloop
  endfacet
  facet normal -0.750134 0.335166 -0.570056
    outer loop
      vertex 58.2958 -18.0508 1.6
      vertex 59.4105 -18.2773 0
      vertex 59.4084 -18.282 0
    endloop
  endfacet
  facet normal -0.189256 -0.79874 -0.571136
    outer loop
      vertex 57.4504 -14.875 0
      vertex 57.7357 -14.9426 0
      vertex 57.4159 -16.0109 1.6
    endloop
  endfacet
  facet normal 0.189338 0.798723 -0.571133
    outer loop
      vertex 56.5546 -19.9262 0
      vertex 56.5841 -18.7891 1.6
      vertex 56.7482 -18.828 1.6
    endloop
  endfacet
  facet normal 0.191603 0.798345 -0.570906
    outer loop
      vertex 56.5841 -18.7891 1.6
      vertex 56.5546 -19.9262 0
      vertex 56.5496 -19.925 0
    endloop
  endfacet
  facet normal -0.368433 -0.733506 -0.571162
    outer loop
      vertex 58.0206 -15.0469 0
      vertex 58.2826 -15.1785 0
      vertex 57.725 -16.1443 1.6
    endloop
  endfacet
  facet normal 0.808065 -0.145452 -0.570854
    outer loop
      vertex 55.5891 -17.0656 1.6
      vertex 54.4522 -17.1022 0
      vertex 54.4531 -17.0972 0
    endloop
  endfacet
  facet normal 0.808373 -0.142597 -0.571138
    outer loop
      vertex 54.4522 -17.1022 0
      vertex 55.5891 -17.0656 1.6
      vertex 55.5598 -17.2317 1.6
    endloop
  endfacet
  facet normal 0.819446 -0.0478733 -0.571154
    outer loop
      vertex 54.4519 -17.1073 0
      vertex 55.55 -17.4 1.6
      vertex 54.4348 -17.4 0
    endloop
  endfacet
  facet normal -0.819446 0.0478733 -0.571154
    outer loop
      vertex 59.5652 -17.4 0
      vertex 59.5481 -17.6927 0
      vertex 58.45 -17.4 1.6
    endloop
  endfacet
  facet normal 0.288413 -0.769103 -0.57035
    outer loop
      vertex 56.2643 -14.9426 0
      vertex 56.4257 -16.0686 1.6
      vertex 56.2595 -14.9444 0
    endloop
  endfacet
  facet normal 0.280953 -0.771282 -0.571131
    outer loop
      vertex 56.4257 -16.0686 1.6
      vertex 56.2643 -14.9426 0
      vertex 56.5841 -16.0109 1.6
    endloop
  endfacet
  facet normal -0.0949215 -0.815352 -0.571132
    outer loop
      vertex 57.4404 -14.8732 0
      vertex 57.2518 -15.972 1.6
      vertex 57.0843 -15.9525 1.6
    endloop
  endfacet
  facet normal -0.0977955 -0.814962 -0.571203
    outer loop
      vertex 57.2518 -15.972 1.6
      vertex 57.4404 -14.8732 0
      vertex 57.4454 -14.8738 0
    endloop
  endfacet
  facet normal 0.280814 0.771329 -0.571135
    outer loop
      vertex 56.5841 -18.7891 1.6
      vertex 56.2643 -19.8574 0
      vertex 55.9888 -19.7571 0
    endloop
  endfacet
  facet normal 0.451111 -0.685767 -0.571158
    outer loop
      vertex 55.7174 -15.1785 0
      vertex 56.275 -16.1443 1.6
      vertex 55.4725 -15.3396 0
    endloop
  endfacet
  facet normal 0.710988 -0.410239 -0.571139
    outer loop
      vertex 54.8568 -15.9904 0
      vertex 55.7885 -16.6032 1.6
      vertex 54.7103 -16.2443 0
    endloop
  endfacet
  facet normal 0.789478 -0.225565 -0.570828
    outer loop
      vertex 55.6374 -16.9041 1.6
      vertex 54.5881 -16.5276 0
      vertex 54.5895 -16.5227 0
    endloop
  endfacet
  facet normal 0.786453 -0.235206 -0.571113
    outer loop
      vertex 54.5881 -16.5276 0
      vertex 55.6374 -16.9041 1.6
      vertex 55.5891 -17.0656 1.6
    endloop
  endfacet
  facet normal 0.808391 0.142476 -0.571144
    outer loop
      vertex 55.5891 -17.7344 1.6
      vertex 54.504 -17.9916 0
      vertex 54.4531 -17.7028 0
    endloop
  endfacet
  facet normal -0.527695 -0.628755 -0.571143
    outer loop
      vertex 58.5357 -15.3457 0
      vertex 58.7603 -15.5342 0
      vertex 57.995 -16.3453 1.6
    endloop
  endfacet
  facet normal -0.603296 -0.555667 -0.572074
    outer loop
      vertex 58.965 -15.7512 0
      vertex 57.995 -16.3453 1.6
      vertex 58.9615 -15.7474 0
    endloop
  endfacet
  facet normal -0.596982 -0.563411 -0.571122
    outer loop
      vertex 57.995 -16.3453 1.6
      vertex 58.965 -15.7512 0
      vertex 58.1108 -16.468 1.6
    endloop
  endfacet
  facet normal 0.819446 0.0478733 -0.571154
    outer loop
      vertex 55.55 -17.4 1.6
      vertex 54.4519 -17.6927 0
      vertex 54.4348 -17.4 0
    endloop
  endfacet
  facet normal 0.710776 -0.410671 -0.571093
    outer loop
      vertex 55.7885 -16.6032 1.6
      vertex 54.7077 -16.2488 0
      vertex 54.7103 -16.2443 0
    endloop
  endfacet
  facet normal 0.710879 -0.41046 -0.571116
    outer loop
      vertex 54.7077 -16.2488 0
      vertex 55.7885 -16.6032 1.6
      vertex 55.7042 -16.7492 1.6
    endloop
  endfacet
  facet normal -0.658325 -0.490313 -0.571141
    outer loop
      vertex 58.9681 -15.7553 0
      vertex 59.1432 -15.9904 0
      vertex 58.2115 -16.6032 1.6
    endloop
  endfacet
  facet normal -0.450829 -0.685981 -0.571125
    outer loop
      vertex 58.5275 -15.3396 0
      vertex 57.8659 -16.2369 1.6
      vertex 57.725 -16.1443 1.6
    endloop
  endfacet
  facet normal -0.447958 -0.687935 -0.571033
    outer loop
      vertex 57.8659 -16.2369 1.6
      vertex 58.5275 -15.3396 0
      vertex 58.5318 -15.3424 0
    endloop
  endfacet
  facet normal -0.710988 -0.410239 -0.571139
    outer loop
      vertex 59.1432 -15.9904 0
      vertex 59.2897 -16.2443 0
      vertex 58.2115 -16.6032 1.6
    endloop
  endfacet
  facet normal 0.658325 0.490313 -0.571141
    outer loop
      vertex 55.7885 -18.1968 1.6
      vertex 55.0319 -19.0447 0
      vertex 54.8568 -18.8096 0
    endloop
  endfacet
  facet normal 0.596985 -0.563384 -0.571146
    outer loop
      vertex 55.2397 -15.5342 0
      vertex 56.005 -16.3453 1.6
      vertex 55.0385 -15.7474 0
    endloop
  endfacet
  facet normal -0.189338 -0.798723 -0.571133
    outer loop
      vertex 57.4454 -14.8738 0
      vertex 57.4159 -16.0109 1.6
      vertex 57.2518 -15.972 1.6
    endloop
  endfacet
  facet normal -0.191603 -0.798345 -0.570906
    outer loop
      vertex 57.4159 -16.0109 1.6
      vertex 57.4454 -14.8738 0
      vertex 57.4504 -14.875 0
    endloop
  endfacet
  facet normal -0.78634 0.23551 -0.571144
    outer loop
      vertex 59.496 -17.9916 0
      vertex 59.4119 -18.2724 0
      vertex 58.4109 -17.7344 1.6
    endloop
  endfacet
  facet normal 0.603296 -0.555667 -0.572074
    outer loop
      vertex 56.005 -16.3453 1.6
      vertex 55.035 -15.7512 0
      vertex 55.0385 -15.7474 0
    endloop
  endfacet
  facet normal 0.596982 -0.563411 -0.571122
    outer loop
      vertex 55.035 -15.7512 0
      vertex 56.005 -16.3453 1.6
      vertex 55.8892 -16.468 1.6
    endloop
  endfacet
  facet normal 0.658325 -0.490313 -0.571141
    outer loop
      vertex 55.0319 -15.7553 0
      vertex 55.7885 -16.6032 1.6
      vertex 54.8568 -15.9904 0
    endloop
  endfacet
  facet normal 0.753643 -0.32531 -0.571135
    outer loop
      vertex 54.7057 -16.2535 0
      vertex 55.6374 -16.9041 1.6
      vertex 54.5895 -16.5227 0
    endloop
  endfacet
  facet normal 0.530366 -0.626797 -0.570822
    outer loop
      vertex 55.4682 -15.3424 0
      vertex 56.005 -16.3453 1.6
      vertex 55.4643 -15.3457 0
    endloop
  endfacet
  facet normal 0.527844 -0.628641 -0.571132
    outer loop
      vertex 56.005 -16.3453 1.6
      vertex 55.4682 -15.3424 0
      vertex 56.1341 -16.2369 1.6
    endloop
  endfacet
  facet normal -0.596969 0.563398 -0.571148
    outer loop
      vertex 58.7638 -19.2621 0
      vertex 57.995 -18.4547 1.6
      vertex 58.1108 -18.332 1.6
    endloop
  endfacet
  facet normal -0.596307 0.564075 -0.571172
    outer loop
      vertex 57.995 -18.4547 1.6
      vertex 58.7638 -19.2621 0
      vertex 58.7603 -19.2658 0
    endloop
  endfacet
  facet normal 0.596969 0.563398 -0.571148
    outer loop
      vertex 56.005 -18.4547 1.6
      vertex 55.2362 -19.2621 0
      vertex 55.8892 -18.332 1.6
    endloop
  endfacet
  facet normal 0.596307 0.564075 -0.571172
    outer loop
      vertex 55.2362 -19.2621 0
      vertex 56.005 -18.4547 1.6
      vertex 55.2397 -19.2658 0
    endloop
  endfacet
  facet normal 0.808391 -0.142476 -0.571144
    outer loop
      vertex 54.504 -16.8084 0
      vertex 55.5891 -17.0656 1.6
      vertex 54.4531 -17.0972 0
    endloop
  endfacet
  facet normal -0.280953 -0.771282 -0.571131
    outer loop
      vertex 57.7357 -14.9426 0
      vertex 57.5743 -16.0686 1.6
      vertex 57.4159 -16.0109 1.6
    endloop
  endfacet
  facet normal -0.288413 -0.769103 -0.57035
    outer loop
      vertex 57.5743 -16.0686 1.6
      vertex 57.7357 -14.9426 0
      vertex 57.7405 -14.9444 0
    endloop
  endfacet
  facet normal -0.710776 -0.410671 -0.571093
    outer loop
      vertex 59.2923 -16.2488 0
      vertex 58.2115 -16.6032 1.6
      vertex 59.2897 -16.2443 0
    endloop
  endfacet
  facet normal -0.710879 -0.41046 -0.571116
    outer loop
      vertex 58.2115 -16.6032 1.6
      vertex 59.2923 -16.2488 0
      vertex 58.2958 -16.7492 1.6
    endloop
  endfacet
  facet normal -0.0951932 -0.815301 -0.571158
    outer loop
      vertex 57.1492 -14.8392 0
      vertex 57.4404 -14.8732 0
      vertex 57.0843 -15.9525 1.6
    endloop
  endfacet
  facet normal -0.755398 -0.321446 -0.571004
    outer loop
      vertex 59.2943 -16.2535 0
      vertex 58.2958 -16.7492 1.6
      vertex 59.2923 -16.2488 0
    endloop
  endfacet
  facet normal -0.753771 -0.325061 -0.571108
    outer loop
      vertex 58.2958 -16.7492 1.6
      vertex 59.2943 -16.2535 0
      vertex 58.3626 -16.9041 1.6
    endloop
  endfacet
  facet normal -0.527844 -0.628641 -0.571132
    outer loop
      vertex 58.5318 -15.3424 0
      vertex 57.995 -16.3453 1.6
      vertex 57.8659 -16.2369 1.6
    endloop
  endfacet
  facet normal -0.530366 -0.626797 -0.570822
    outer loop
      vertex 57.995 -16.3453 1.6
      vertex 58.5318 -15.3424 0
      vertex 58.5357 -15.3457 0
    endloop
  endfacet
  facet normal -0.368454 -0.7335 -0.571156
    outer loop
      vertex 58.016 -15.0446 0
      vertex 57.725 -16.1443 1.6
      vertex 57.5743 -16.0686 1.6
    endloop
  endfacet
  facet normal -0.367045 -0.73409 -0.571305
    outer loop
      vertex 57.725 -16.1443 1.6
      vertex 58.016 -15.0446 0
      vertex 58.0206 -15.0469 0
    endloop
  endfacet
  facet normal -0.596985 -0.563384 -0.571146
    outer loop
      vertex 58.7603 -15.5342 0
      vertex 58.9615 -15.7474 0
      vertex 57.995 -16.3453 1.6
    endloop
  endfacet
  facet normal -0.753757 0.325079 -0.571117
    outer loop
      vertex 59.4084 -18.282 0
      vertex 59.2923 -18.5512 0
      vertex 58.2958 -18.0508 1.6
    endloop
  endfacet
  facet normal 0.368433 -0.733506 -0.571162
    outer loop
      vertex 55.9794 -15.0469 0
      vertex 56.275 -16.1443 1.6
      vertex 55.7174 -15.1785 0
    endloop
  endfacet
  facet normal 0.597126 0.563253 -0.571128
    outer loop
      vertex 55.8892 -18.332 1.6
      vertex 55.2362 -19.2621 0
      vertex 55.035 -19.0488 0
    endloop
  endfacet
  facet normal -0.710879 0.41046 -0.571116
    outer loop
      vertex 59.2923 -18.5512 0
      vertex 58.2115 -18.1968 1.6
      vertex 58.2958 -18.0508 1.6
    endloop
  endfacet
  facet normal -0.710776 0.410671 -0.571093
    outer loop
      vertex 58.2115 -18.1968 1.6
      vertex 59.2923 -18.5512 0
      vertex 59.2897 -18.5557 0
    endloop
  endfacet
  facet normal 0.755398 -0.321446 -0.571004
    outer loop
      vertex 55.7042 -16.7492 1.6
      vertex 54.7057 -16.2535 0
      vertex 54.7077 -16.2488 0
    endloop
  endfacet
  facet normal 0.753771 -0.325061 -0.571108
    outer loop
      vertex 54.7057 -16.2535 0
      vertex 55.7042 -16.7492 1.6
      vertex 55.6374 -16.9041 1.6
    endloop
  endfacet
  facet normal -0.189256 0.79874 -0.571136
    outer loop
      vertex 57.7357 -19.8574 0
      vertex 57.4504 -19.925 0
      vertex 57.4159 -18.7891 1.6
    endloop
  endfacet
  facet normal 0.654683 -0.495004 -0.571281
    outer loop
      vertex 55.8892 -16.468 1.6
      vertex 55.0319 -15.7553 0
      vertex 55.035 -15.7512 0
    endloop
  endfacet
  facet normal 0.658313 -0.490327 -0.571142
    outer loop
      vertex 55.0319 -15.7553 0
      vertex 55.8892 -16.468 1.6
      vertex 55.7885 -16.6032 1.6
    endloop
  endfacet
  facet normal -0.280563 -0.771407 -0.571153
    outer loop
      vertex 57.7405 -14.9444 0
      vertex 58.016 -15.0446 0
      vertex 57.5743 -16.0686 1.6
    endloop
  endfacet
  facet normal -0.280814 0.771329 -0.571135
    outer loop
      vertex 58.0112 -19.7571 0
      vertex 57.7357 -19.8574 0
      vertex 57.4159 -18.7891 1.6
    endloop
  endfacet
  facet normal 0 0.820844 -0.571153
    outer loop
      vertex 57.1492 -19.9608 0
      vertex 56.9157 -18.8475 1.6
      vertex 57.0843 -18.8475 1.6
    endloop
  endfacet
  facet normal 0 0.820844 -0.571153
    outer loop
      vertex 56.9157 -18.8475 1.6
      vertex 57.1492 -19.9608 0
      vertex 56.8508 -19.9608 0
    endloop
  endfacet
  facet normal 0.527698 0.628759 -0.571137
    outer loop
      vertex 56.1341 -18.5631 1.6
      vertex 55.4682 -19.4576 0
      vertex 55.2436 -19.2691 0
    endloop
  endfacet
  facet normal -0.451111 0.685767 -0.571158
    outer loop
      vertex 58.5275 -19.4604 0
      vertex 58.2826 -19.6215 0
      vertex 57.725 -18.6557 1.6
    endloop
  endfacet
  facet normal 0.0949215 0.815352 -0.571132
    outer loop
      vertex 56.5596 -19.9268 0
      vertex 56.7482 -18.828 1.6
      vertex 56.9157 -18.8475 1.6
    endloop
  endfacet
  facet normal 0.0977955 0.814962 -0.571203
    outer loop
      vertex 56.7482 -18.828 1.6
      vertex 56.5596 -19.9268 0
      vertex 56.5546 -19.9262 0
    endloop
  endfacet
  facet normal -0.808065 -0.145452 -0.570854
    outer loop
      vertex 59.5478 -17.1022 0
      vertex 58.4109 -17.0656 1.6
      vertex 59.5469 -17.0972 0
    endloop
  endfacet
  facet normal -0.808373 -0.142597 -0.571138
    outer loop
      vertex 58.4109 -17.0656 1.6
      vertex 59.5478 -17.1022 0
      vertex 58.4402 -17.2317 1.6
    endloop
  endfacet
  facet normal -0.753643 -0.32531 -0.571135
    outer loop
      vertex 59.2943 -16.2535 0
      vertex 59.4105 -16.5227 0
      vertex 58.3626 -16.9041 1.6
    endloop
  endfacet
  facet normal 0.451111 0.685767 -0.571158
    outer loop
      vertex 56.275 -18.6557 1.6
      vertex 55.7174 -19.6215 0
      vertex 55.4725 -19.4604 0
    endloop
  endfacet
  facet normal -0.274084 0.773883 -0.570949
    outer loop
      vertex 58.0112 -19.7571 0
      vertex 57.5743 -18.7314 1.6
      vertex 58.016 -19.7554 0
    endloop
  endfacet
  facet normal -0.280949 0.77127 -0.571149
    outer loop
      vertex 57.5743 -18.7314 1.6
      vertex 58.0112 -19.7571 0
      vertex 57.4159 -18.7891 1.6
    endloop
  endfacet
  facet normal 0.819429 -0.0482017 -0.571151
    outer loop
      vertex 55.5598 -17.2317 1.6
      vertex 54.4519 -17.1073 0
      vertex 54.4522 -17.1022 0
    endloop
  endfacet
  facet normal 0.819466 -0.0477169 -0.571139
    outer loop
      vertex 54.4519 -17.1073 0
      vertex 55.5598 -17.2317 1.6
      vertex 55.55 -17.4 1.6
    endloop
  endfacet
  facet normal 0.280563 -0.771407 -0.571153
    outer loop
      vertex 56.2595 -14.9444 0
      vertex 56.4257 -16.0686 1.6
      vertex 55.984 -15.0446 0
    endloop
  endfacet
  facet normal 0.819466 0.0477169 -0.571139
    outer loop
      vertex 55.5598 -17.5683 1.6
      vertex 54.4519 -17.6927 0
      vertex 55.55 -17.4 1.6
    endloop
  endfacet
  facet normal 0.819429 0.0482017 -0.571151
    outer loop
      vertex 54.4519 -17.6927 0
      vertex 55.5598 -17.5683 1.6
      vertex 54.4522 -17.6978 0
    endloop
  endfacet
  facet normal 0.808373 0.142597 -0.571138
    outer loop
      vertex 55.5891 -17.7344 1.6
      vertex 54.4522 -17.6978 0
      vertex 55.5598 -17.5683 1.6
    endloop
  endfacet
  facet normal 0.808065 0.145452 -0.570854
    outer loop
      vertex 54.4522 -17.6978 0
      vertex 55.5891 -17.7344 1.6
      vertex 54.4531 -17.7028 0
    endloop
  endfacet
  facet normal -0.597126 0.563253 -0.571128
    outer loop
      vertex 58.965 -19.0488 0
      vertex 58.7638 -19.2621 0
      vertex 58.1108 -18.332 1.6
    endloop
  endfacet
  facet normal 0 -0.820844 -0.571153
    outer loop
      vertex 56.8508 -14.8392 0
      vertex 57.0843 -15.9525 1.6
      vertex 56.9157 -15.9525 1.6
    endloop
  endfacet
  facet normal 0 -0.820844 -0.571153
    outer loop
      vertex 57.0843 -15.9525 1.6
      vertex 56.8508 -14.8392 0
      vertex 57.1492 -14.8392 0
    endloop
  endfacet
  facet normal -0.658313 0.490327 -0.571142
    outer loop
      vertex 58.9681 -19.0447 0
      vertex 58.1108 -18.332 1.6
      vertex 58.2115 -18.1968 1.6
    endloop
  endfacet
  facet normal -0.654683 0.495004 -0.571281
    outer loop
      vertex 58.1108 -18.332 1.6
      vertex 58.9681 -19.0447 0
      vertex 58.965 -19.0488 0
    endloop
  endfacet
  facet normal 0.0951932 -0.815301 -0.571158
    outer loop
      vertex 56.8508 -14.8392 0
      vertex 56.9157 -15.9525 1.6
      vertex 56.5596 -14.8732 0
    endloop
  endfacet
  facet normal 0.0951932 0.815301 -0.571158
    outer loop
      vertex 56.9157 -18.8475 1.6
      vertex 56.8508 -19.9608 0
      vertex 56.5596 -19.9268 0
    endloop
  endfacet
  facet normal -0.527698 0.628759 -0.571137
    outer loop
      vertex 58.7564 -19.2691 0
      vertex 58.5318 -19.4576 0
      vertex 57.8659 -18.5631 1.6
    endloop
  endfacet
  facet normal 0.280949 0.77127 -0.571149
    outer loop
      vertex 55.9888 -19.7571 0
      vertex 56.4257 -18.7314 1.6
      vertex 56.5841 -18.7891 1.6
    endloop
  endfacet
  facet normal 0.274084 0.773883 -0.570949
    outer loop
      vertex 56.4257 -18.7314 1.6
      vertex 55.9888 -19.7571 0
      vertex 55.984 -19.7554 0
    endloop
  endfacet
  facet normal -0.808391 0.142476 -0.571144
    outer loop
      vertex 59.5469 -17.7028 0
      vertex 59.496 -17.9916 0
      vertex 58.4109 -17.7344 1.6
    endloop
  endfacet
  facet normal 0.710988 0.410239 -0.571139
    outer loop
      vertex 55.7885 -18.1968 1.6
      vertex 54.8568 -18.8096 0
      vertex 54.7103 -18.5557 0
    endloop
  endfacet
  facet normal 0.450829 0.685981 -0.571125
    outer loop
      vertex 55.4725 -19.4604 0
      vertex 56.1341 -18.5631 1.6
      vertex 56.275 -18.6557 1.6
    endloop
  endfacet
  facet normal 0.447958 0.687935 -0.571033
    outer loop
      vertex 56.1341 -18.5631 1.6
      vertex 55.4725 -19.4604 0
      vertex 55.4682 -19.4576 0
    endloop
  endfacet
  facet normal -0.78634 -0.23551 -0.571144
    outer loop
      vertex 59.4119 -16.5276 0
      vertex 59.496 -16.8084 0
      vertex 58.4109 -17.0656 1.6
    endloop
  endfacet
  facet normal -0.808391 -0.142476 -0.571144
    outer loop
      vertex 59.496 -16.8084 0
      vertex 59.5469 -17.0972 0
      vertex 58.4109 -17.0656 1.6
    endloop
  endfacet
  facet normal -0.654683 -0.495004 -0.571281
    outer loop
      vertex 58.9681 -15.7553 0
      vertex 58.1108 -16.468 1.6
      vertex 58.965 -15.7512 0
    endloop
  endfacet
  facet normal -0.658313 -0.490327 -0.571142
    outer loop
      vertex 58.1108 -16.468 1.6
      vertex 58.9681 -15.7553 0
      vertex 58.2115 -16.6032 1.6
    endloop
  endfacet
  facet normal -0.819429 -0.0482017 -0.571151
    outer loop
      vertex 59.5481 -17.1073 0
      vertex 58.4402 -17.2317 1.6
      vertex 59.5478 -17.1022 0
    endloop
  endfacet
  facet normal -0.819466 -0.0477169 -0.571139
    outer loop
      vertex 58.4402 -17.2317 1.6
      vertex 59.5481 -17.1073 0
      vertex 58.45 -17.4 1.6
    endloop
  endfacet
  facet normal 0.191603 -0.798345 -0.570906
    outer loop
      vertex 56.5546 -14.8738 0
      vertex 56.5841 -16.0109 1.6
      vertex 56.5496 -14.875 0
    endloop
  endfacet
  facet normal 0.189338 -0.798723 -0.571133
    outer loop
      vertex 56.5841 -16.0109 1.6
      vertex 56.5546 -14.8738 0
      vertex 56.7482 -15.972 1.6
    endloop
  endfacet
  facet normal 0.368453 0.733498 -0.571159
    outer loop
      vertex 55.722 -19.6238 0
      vertex 56.275 -18.6557 1.6
      vertex 56.4257 -18.7314 1.6
    endloop
  endfacet
  facet normal 0.367103 0.734205 -0.57112
    outer loop
      vertex 56.275 -18.6557 1.6
      vertex 55.722 -19.6238 0
      vertex 55.7174 -19.6215 0
    endloop
  endfacet
  facet normal 0.527834 0.628629 -0.571155
    outer loop
      vertex 55.2436 -19.2691 0
      vertex 56.005 -18.4547 1.6
      vertex 56.1341 -18.5631 1.6
    endloop
  endfacet
  facet normal 0.530183 0.62658 -0.57123
    outer loop
      vertex 56.005 -18.4547 1.6
      vertex 55.2436 -19.2691 0
      vertex 55.2397 -19.2658 0
    endloop
  endfacet
  facet normal -0.367103 0.734205 -0.57112
    outer loop
      vertex 58.278 -19.6238 0
      vertex 57.725 -18.6557 1.6
      vertex 58.2826 -19.6215 0
    endloop
  endfacet
  facet normal -0.368453 0.733498 -0.571159
    outer loop
      vertex 57.725 -18.6557 1.6
      vertex 58.278 -19.6238 0
      vertex 57.5743 -18.7314 1.6
    endloop
  endfacet
  facet normal -0.530183 0.62658 -0.57123
    outer loop
      vertex 58.7564 -19.2691 0
      vertex 57.995 -18.4547 1.6
      vertex 58.7603 -19.2658 0
    endloop
  endfacet
  facet normal -0.527834 0.628629 -0.571155
    outer loop
      vertex 57.995 -18.4547 1.6
      vertex 58.7564 -19.2691 0
      vertex 57.8659 -18.5631 1.6
    endloop
  endfacet
  facet normal -0.0977955 0.814962 -0.571203
    outer loop
      vertex 57.4404 -19.9268 0
      vertex 57.2518 -18.828 1.6
      vertex 57.4454 -19.9262 0
    endloop
  endfacet
  facet normal -0.0949215 0.815352 -0.571132
    outer loop
      vertex 57.2518 -18.828 1.6
      vertex 57.4404 -19.9268 0
      vertex 57.0843 -18.8475 1.6
    endloop
  endfacet
  facet normal 0.710879 0.41046 -0.571116
    outer loop
      vertex 55.7885 -18.1968 1.6
      vertex 54.7077 -18.5512 0
      vertex 55.7042 -18.0508 1.6
    endloop
  endfacet
  facet normal 0.710776 0.410671 -0.571093
    outer loop
      vertex 54.7077 -18.5512 0
      vertex 55.7885 -18.1968 1.6
      vertex 54.7103 -18.5557 0
    endloop
  endfacet
  facet normal 0.753757 0.325079 -0.571117
    outer loop
      vertex 55.7042 -18.0508 1.6
      vertex 54.7077 -18.5512 0
      vertex 54.5916 -18.282 0
    endloop
  endfacet
  facet normal -0.447958 0.687935 -0.571033
    outer loop
      vertex 58.5275 -19.4604 0
      vertex 57.8659 -18.5631 1.6
      vertex 58.5318 -19.4576 0
    endloop
  endfacet
  facet normal -0.450829 0.685981 -0.571125
    outer loop
      vertex 57.8659 -18.5631 1.6
      vertex 58.5275 -19.4604 0
      vertex 57.725 -18.6557 1.6
    endloop
  endfacet
  facet normal -0.808065 0.145452 -0.570854
    outer loop
      vertex 58.4109 -17.7344 1.6
      vertex 59.5478 -17.6978 0
      vertex 59.5469 -17.7028 0
    endloop
  endfacet
  facet normal -0.808373 0.142597 -0.571138
    outer loop
      vertex 59.5478 -17.6978 0
      vertex 58.4109 -17.7344 1.6
      vertex 58.4402 -17.5683 1.6
    endloop
  endfacet
  facet normal -0.819466 0.0477169 -0.571139
    outer loop
      vertex 59.5481 -17.6927 0
      vertex 58.4402 -17.5683 1.6
      vertex 58.45 -17.4 1.6
    endloop
  endfacet
  facet normal -0.819429 0.0482017 -0.571151
    outer loop
      vertex 58.4402 -17.5683 1.6
      vertex 59.5481 -17.6927 0
      vertex 59.5478 -17.6978 0
    endloop
  endfacet
  facet normal 0.786453 0.235206 -0.571113
    outer loop
      vertex 55.6374 -17.8959 1.6
      vertex 54.5881 -18.2724 0
      vertex 55.5891 -17.7344 1.6
    endloop
  endfacet
  facet normal 0.789478 0.225565 -0.570828
    outer loop
      vertex 54.5881 -18.2724 0
      vertex 55.6374 -17.8959 1.6
      vertex 54.5895 -18.2773 0
    endloop
  endfacet
  facet normal 0.342267 0.939603 -0
    outer loop
      vertex 56.5841 16.0109 1.6
      vertex 56.4257 16.0686 3
      vertex 56.5841 16.0109 3
    endloop
  endfacet
  facet normal 0.342267 0.939603 0
    outer loop
      vertex 56.4257 16.0686 3
      vertex 56.5841 16.0109 1.6
      vertex 56.4257 16.0686 1.6
    endloop
  endfacet
  facet normal -0.984795 -0.173718 0
    outer loop
      vertex 58.4402 17.5683 1.6
      vertex 58.4109 17.7344 3
      vertex 58.4109 17.7344 1.6
    endloop
  endfacet
  facet normal -0.984795 -0.173718 0
    outer loop
      vertex 58.4109 17.7344 3
      vertex 58.4402 17.5683 1.6
      vertex 58.4402 17.5683 3
    endloop
  endfacet
  facet normal -0.998309 -0.0581309 0
    outer loop
      vertex 58.45 17.4 1.6
      vertex 58.4402 17.5683 3
      vertex 58.4402 17.5683 1.6
    endloop
  endfacet
  facet normal -0.998309 -0.0581309 0
    outer loop
      vertex 58.4402 17.5683 3
      vertex 58.45 17.4 1.6
      vertex 58.45 17.4 3
    endloop
  endfacet
  facet normal -0.958071 -0.286531 0
    outer loop
      vertex 58.4109 17.7344 1.6
      vertex 58.3626 17.8959 3
      vertex 58.3626 17.8959 1.6
    endloop
  endfacet
  facet normal -0.958071 -0.286531 0
    outer loop
      vertex 58.3626 17.8959 3
      vertex 58.4109 17.7344 1.6
      vertex 58.4109 17.7344 3
    endloop
  endfacet
  facet normal -0.342267 -0.939603 0
    outer loop
      vertex 57.4159 18.7891 1.6
      vertex 57.5743 18.7314 3
      vertex 57.4159 18.7891 3
    endloop
  endfacet
  facet normal -0.342267 -0.939603 -0
    outer loop
      vertex 57.5743 18.7314 3
      vertex 57.4159 18.7891 1.6
      vertex 57.5743 18.7314 1.6
    endloop
  endfacet
  facet normal 0.549213 -0.835682 0
    outer loop
      vertex 56.1341 18.5631 1.6
      vertex 56.275 18.6557 3
      vertex 56.1341 18.5631 3
    endloop
  endfacet
  facet normal 0.549213 -0.835682 0
    outer loop
      vertex 56.275 18.6557 3
      vertex 56.1341 18.5631 1.6
      vertex 56.275 18.6557 1.6
    endloop
  endfacet
  facet normal -0.342267 0.939603 0
    outer loop
      vertex 57.5743 16.0686 1.6
      vertex 57.4159 16.0109 3
      vertex 57.5743 16.0686 3
    endloop
  endfacet
  facet normal -0.342267 0.939603 0
    outer loop
      vertex 57.4159 16.0109 3
      vertex 57.5743 16.0686 1.6
      vertex 57.4159 16.0109 1.6
    endloop
  endfacet
  facet normal -0.801989 -0.597339 0
    outer loop
      vertex 58.2115 18.1968 1.6
      vertex 58.1108 18.332 3
      vertex 58.1108 18.332 1.6
    endloop
  endfacet
  facet normal -0.801989 -0.597339 0
    outer loop
      vertex 58.1108 18.332 3
      vertex 58.2115 18.1968 1.6
      vertex 58.2115 18.1968 3
    endloop
  endfacet
  facet normal 0.72726 0.686362 0
    outer loop
      vertex 56.005 16.3453 3
      vertex 55.8892 16.468 1.6
      vertex 55.8892 16.468 3
    endloop
  endfacet
  facet normal 0.72726 0.686362 0
    outer loop
      vertex 55.8892 16.468 1.6
      vertex 56.005 16.3453 3
      vertex 56.005 16.3453 1.6
    endloop
  endfacet
  facet normal 0.958071 0.286531 0
    outer loop
      vertex 55.6374 16.9041 3
      vertex 55.5891 17.0656 1.6
      vertex 55.5891 17.0656 3
    endloop
  endfacet
  facet normal 0.958071 0.286531 0
    outer loop
      vertex 55.5891 17.0656 1.6
      vertex 55.6374 16.9041 3
      vertex 55.6374 16.9041 1.6
    endloop
  endfacet
  facet normal 0.72726 -0.686362 0
    outer loop
      vertex 55.8892 18.332 3
      vertex 56.005 18.4547 1.6
      vertex 56.005 18.4547 3
    endloop
  endfacet
  facet normal 0.72726 -0.686362 0
    outer loop
      vertex 56.005 18.4547 1.6
      vertex 55.8892 18.332 3
      vertex 55.8892 18.332 1.6
    endloop
  endfacet
  facet normal 0.866008 0.500031 0
    outer loop
      vertex 55.7885 16.6032 3
      vertex 55.7042 16.7492 1.6
      vertex 55.7042 16.7492 3
    endloop
  endfacet
  facet normal 0.866008 0.500031 0
    outer loop
      vertex 55.7042 16.7492 1.6
      vertex 55.7885 16.6032 3
      vertex 55.7885 16.6032 1.6
    endloop
  endfacet
  facet normal -0.448873 0.893596 0
    outer loop
      vertex 57.725 16.1443 1.6
      vertex 57.5743 16.0686 3
      vertex 57.725 16.1443 3
    endloop
  endfacet
  facet normal -0.448873 0.893596 0
    outer loop
      vertex 57.5743 16.0686 3
      vertex 57.725 16.1443 1.6
      vertex 57.5743 16.0686 1.6
    endloop
  endfacet
  facet normal 0.448873 -0.893596 0
    outer loop
      vertex 56.275 18.6557 1.6
      vertex 56.4257 18.7314 3
      vertex 56.275 18.6557 3
    endloop
  endfacet
  facet normal 0.448873 -0.893596 0
    outer loop
      vertex 56.4257 18.7314 3
      vertex 56.275 18.6557 1.6
      vertex 56.4257 18.7314 1.6
    endloop
  endfacet
  facet normal -0.984795 0.173718 0
    outer loop
      vertex 58.4109 17.0656 1.6
      vertex 58.4402 17.2317 3
      vertex 58.4402 17.2317 1.6
    endloop
  endfacet
  facet normal -0.984795 0.173718 0
    outer loop
      vertex 58.4402 17.2317 3
      vertex 58.4109 17.0656 1.6
      vertex 58.4109 17.0656 3
    endloop
  endfacet
  facet normal 0.801989 -0.597339 0
    outer loop
      vertex 55.7885 18.1968 3
      vertex 55.8892 18.332 1.6
      vertex 55.8892 18.332 3
    endloop
  endfacet
  facet normal 0.801989 -0.597339 0
    outer loop
      vertex 55.8892 18.332 1.6
      vertex 55.7885 18.1968 3
      vertex 55.7885 18.1968 1.6
    endloop
  endfacet
  facet normal -0.115637 -0.993292 0
    outer loop
      vertex 57.0843 18.8475 1.6
      vertex 57.2518 18.828 3
      vertex 57.0843 18.8475 3
    endloop
  endfacet
  facet normal -0.115637 -0.993292 -0
    outer loop
      vertex 57.2518 18.828 3
      vertex 57.0843 18.8475 1.6
      vertex 57.2518 18.828 1.6
    endloop
  endfacet
  facet normal 0.342267 -0.939603 0
    outer loop
      vertex 56.4257 18.7314 1.6
      vertex 56.5841 18.7891 3
      vertex 56.4257 18.7314 3
    endloop
  endfacet
  facet normal 0.342267 -0.939603 0
    outer loop
      vertex 56.5841 18.7891 3
      vertex 56.4257 18.7314 1.6
      vertex 56.5841 18.7891 1.6
    endloop
  endfacet
  facet normal 0.918253 0.395993 0
    outer loop
      vertex 55.7042 16.7492 3
      vertex 55.6374 16.9041 1.6
      vertex 55.6374 16.9041 3
    endloop
  endfacet
  facet normal 0.918253 0.395993 0
    outer loop
      vertex 55.6374 16.9041 1.6
      vertex 55.7042 16.7492 3
      vertex 55.7042 16.7492 1.6
    endloop
  endfacet
  facet normal -0.918253 0.395993 0
    outer loop
      vertex 58.2958 16.7492 1.6
      vertex 58.3626 16.9041 3
      vertex 58.3626 16.9041 1.6
    endloop
  endfacet
  facet normal -0.918253 0.395993 0
    outer loop
      vertex 58.3626 16.9041 3
      vertex 58.2958 16.7492 1.6
      vertex 58.2958 16.7492 3
    endloop
  endfacet
  facet normal -0.958071 0.286531 0
    outer loop
      vertex 58.3626 16.9041 1.6
      vertex 58.4109 17.0656 3
      vertex 58.4109 17.0656 1.6
    endloop
  endfacet
  facet normal -0.958071 0.286531 0
    outer loop
      vertex 58.4109 17.0656 3
      vertex 58.3626 16.9041 1.6
      vertex 58.3626 16.9041 3
    endloop
  endfacet
  facet normal 0.998309 -0.0581309 0
    outer loop
      vertex 55.55 17.4 3
      vertex 55.5598 17.5683 1.6
      vertex 55.5598 17.5683 3
    endloop
  endfacet
  facet normal 0.998309 -0.0581309 0
    outer loop
      vertex 55.5598 17.5683 1.6
      vertex 55.55 17.4 3
      vertex 55.55 17.4 1.6
    endloop
  endfacet
  facet normal 0.115637 -0.993292 0
    outer loop
      vertex 56.7482 18.828 1.6
      vertex 56.9157 18.8475 3
      vertex 56.7482 18.828 3
    endloop
  endfacet
  facet normal 0.115637 -0.993292 0
    outer loop
      vertex 56.9157 18.8475 3
      vertex 56.7482 18.828 1.6
      vertex 56.9157 18.8475 1.6
    endloop
  endfacet
  facet normal -0.918253 -0.395993 0
    outer loop
      vertex 58.3626 17.8959 1.6
      vertex 58.2958 18.0508 3
      vertex 58.2958 18.0508 1.6
    endloop
  endfacet
  facet normal -0.918253 -0.395993 0
    outer loop
      vertex 58.2958 18.0508 3
      vertex 58.3626 17.8959 1.6
      vertex 58.3626 17.8959 3
    endloop
  endfacet
  facet normal -0.549213 0.835682 0
    outer loop
      vertex 57.8659 16.2369 1.6
      vertex 57.725 16.1443 3
      vertex 57.8659 16.2369 3
    endloop
  endfacet
  facet normal -0.549213 0.835682 0
    outer loop
      vertex 57.725 16.1443 3
      vertex 57.8659 16.2369 1.6
      vertex 57.725 16.1443 1.6
    endloop
  endfacet
  facet normal -0.549213 -0.835682 0
    outer loop
      vertex 57.725 18.6557 1.6
      vertex 57.8659 18.5631 3
      vertex 57.725 18.6557 3
    endloop
  endfacet
  facet normal -0.549213 -0.835682 -0
    outer loop
      vertex 57.8659 18.5631 3
      vertex 57.725 18.6557 1.6
      vertex 57.8659 18.5631 1.6
    endloop
  endfacet
  facet normal 0.918253 -0.395993 0
    outer loop
      vertex 55.6374 17.8959 3
      vertex 55.7042 18.0508 1.6
      vertex 55.7042 18.0508 3
    endloop
  endfacet
  facet normal 0.918253 -0.395993 0
    outer loop
      vertex 55.7042 18.0508 1.6
      vertex 55.6374 17.8959 3
      vertex 55.6374 17.8959 1.6
    endloop
  endfacet
  facet normal -0.72726 -0.686362 0
    outer loop
      vertex 58.1108 18.332 1.6
      vertex 57.995 18.4547 3
      vertex 57.995 18.4547 1.6
    endloop
  endfacet
  facet normal -0.72726 -0.686362 0
    outer loop
      vertex 57.995 18.4547 3
      vertex 58.1108 18.332 1.6
      vertex 58.1108 18.332 3
    endloop
  endfacet
  facet normal -0.448873 -0.893596 0
    outer loop
      vertex 57.5743 18.7314 1.6
      vertex 57.725 18.6557 3
      vertex 57.5743 18.7314 3
    endloop
  endfacet
  facet normal -0.448873 -0.893596 -0
    outer loop
      vertex 57.725 18.6557 3
      vertex 57.5743 18.7314 1.6
      vertex 57.725 18.6557 1.6
    endloop
  endfacet
  facet normal 0.230658 -0.973035 0
    outer loop
      vertex 56.5841 18.7891 1.6
      vertex 56.7482 18.828 3
      vertex 56.5841 18.7891 3
    endloop
  endfacet
  facet normal 0.230658 -0.973035 0
    outer loop
      vertex 56.7482 18.828 3
      vertex 56.5841 18.7891 1.6
      vertex 56.7482 18.828 1.6
    endloop
  endfacet
  facet normal 0.643039 -0.765833 0
    outer loop
      vertex 56.005 18.4547 1.6
      vertex 56.1341 18.5631 3
      vertex 56.005 18.4547 3
    endloop
  endfacet
  facet normal 0.643039 -0.765833 0
    outer loop
      vertex 56.1341 18.5631 3
      vertex 56.005 18.4547 1.6
      vertex 56.1341 18.5631 1.6
    endloop
  endfacet
  facet normal 0.866008 -0.500031 0
    outer loop
      vertex 55.7042 18.0508 3
      vertex 55.7885 18.1968 1.6
      vertex 55.7885 18.1968 3
    endloop
  endfacet
  facet normal 0.866008 -0.500031 0
    outer loop
      vertex 55.7885 18.1968 1.6
      vertex 55.7042 18.0508 3
      vertex 55.7042 18.0508 1.6
    endloop
  endfacet
  facet normal -0.866008 0.500031 0
    outer loop
      vertex 58.2115 16.6032 1.6
      vertex 58.2958 16.7492 3
      vertex 58.2958 16.7492 1.6
    endloop
  endfacet
  facet normal -0.866008 0.500031 0
    outer loop
      vertex 58.2958 16.7492 3
      vertex 58.2115 16.6032 1.6
      vertex 58.2115 16.6032 3
    endloop
  endfacet
  facet normal 0.958071 -0.286531 0
    outer loop
      vertex 55.5891 17.7344 3
      vertex 55.6374 17.8959 1.6
      vertex 55.6374 17.8959 3
    endloop
  endfacet
  facet normal 0.958071 -0.286531 0
    outer loop
      vertex 55.6374 17.8959 1.6
      vertex 55.5891 17.7344 3
      vertex 55.5891 17.7344 1.6
    endloop
  endfacet
  facet normal -0.866008 -0.500031 0
    outer loop
      vertex 58.2958 18.0508 1.6
      vertex 58.2115 18.1968 3
      vertex 58.2115 18.1968 1.6
    endloop
  endfacet
  facet normal -0.866008 -0.500031 0
    outer loop
      vertex 58.2115 18.1968 3
      vertex 58.2958 18.0508 1.6
      vertex 58.2958 18.0508 3
    endloop
  endfacet
  facet normal -0.998309 0.0581309 0
    outer loop
      vertex 58.4402 17.2317 1.6
      vertex 58.45 17.4 3
      vertex 58.45 17.4 1.6
    endloop
  endfacet
  facet normal -0.998309 0.0581309 0
    outer loop
      vertex 58.45 17.4 3
      vertex 58.4402 17.2317 1.6
      vertex 58.4402 17.2317 3
    endloop
  endfacet
  facet normal -0.230658 0.973035 0
    outer loop
      vertex 57.4159 16.0109 1.6
      vertex 57.2518 15.972 3
      vertex 57.4159 16.0109 3
    endloop
  endfacet
  facet normal -0.230658 0.973035 0
    outer loop
      vertex 57.2518 15.972 3
      vertex 57.4159 16.0109 1.6
      vertex 57.2518 15.972 1.6
    endloop
  endfacet
  facet normal -0.230658 -0.973035 0
    outer loop
      vertex 57.2518 18.828 1.6
      vertex 57.4159 18.7891 3
      vertex 57.2518 18.828 3
    endloop
  endfacet
  facet normal -0.230658 -0.973035 -0
    outer loop
      vertex 57.4159 18.7891 3
      vertex 57.2518 18.828 1.6
      vertex 57.4159 18.7891 1.6
    endloop
  endfacet
  facet normal 0 1 -0
    outer loop
      vertex 57.0843 15.9525 1.6
      vertex 56.9157 15.9525 3
      vertex 57.0843 15.9525 3
    endloop
  endfacet
  facet normal 0 1 0
    outer loop
      vertex 56.9157 15.9525 3
      vertex 57.0843 15.9525 1.6
      vertex 56.9157 15.9525 1.6
    endloop
  endfacet
  facet normal 0.984795 -0.173718 0
    outer loop
      vertex 55.5598 17.5683 3
      vertex 55.5891 17.7344 1.6
      vertex 55.5891 17.7344 3
    endloop
  endfacet
  facet normal 0.984795 -0.173718 0
    outer loop
      vertex 55.5891 17.7344 1.6
      vertex 55.5598 17.5683 3
      vertex 55.5598 17.5683 1.6
    endloop
  endfacet
  facet normal 0 -1 0
    outer loop
      vertex 56.9157 18.8475 1.6
      vertex 57.0843 18.8475 3
      vertex 56.9157 18.8475 3
    endloop
  endfacet
  facet normal 0 -1 -0
    outer loop
      vertex 57.0843 18.8475 3
      vertex 56.9157 18.8475 1.6
      vertex 57.0843 18.8475 1.6
    endloop
  endfacet
  facet normal -0.72726 0.686362 0
    outer loop
      vertex 57.995 16.3453 1.6
      vertex 58.1108 16.468 3
      vertex 58.1108 16.468 1.6
    endloop
  endfacet
  facet normal -0.72726 0.686362 0
    outer loop
      vertex 58.1108 16.468 3
      vertex 57.995 16.3453 1.6
      vertex 57.995 16.3453 3
    endloop
  endfacet
  facet normal 0.115637 0.993292 -0
    outer loop
      vertex 56.9157 15.9525 1.6
      vertex 56.7482 15.972 3
      vertex 56.9157 15.9525 3
    endloop
  endfacet
  facet normal 0.115637 0.993292 0
    outer loop
      vertex 56.7482 15.972 3
      vertex 56.9157 15.9525 1.6
      vertex 56.7482 15.972 1.6
    endloop
  endfacet
  facet normal -0.801989 0.597339 0
    outer loop
      vertex 58.1108 16.468 1.6
      vertex 58.2115 16.6032 3
      vertex 58.2115 16.6032 1.6
    endloop
  endfacet
  facet normal -0.801989 0.597339 0
    outer loop
      vertex 58.2115 16.6032 3
      vertex 58.1108 16.468 1.6
      vertex 58.1108 16.468 3
    endloop
  endfacet
  facet normal -0.643039 0.765833 0
    outer loop
      vertex 57.995 16.3453 1.6
      vertex 57.8659 16.2369 3
      vertex 57.995 16.3453 3
    endloop
  endfacet
  facet normal -0.643039 0.765833 0
    outer loop
      vertex 57.8659 16.2369 3
      vertex 57.995 16.3453 1.6
      vertex 57.8659 16.2369 1.6
    endloop
  endfacet
  facet normal -0.643039 -0.765833 0
    outer loop
      vertex 57.8659 18.5631 1.6
      vertex 57.995 18.4547 3
      vertex 57.8659 18.5631 3
    endloop
  endfacet
  facet normal -0.643039 -0.765833 -0
    outer loop
      vertex 57.995 18.4547 3
      vertex 57.8659 18.5631 1.6
      vertex 57.995 18.4547 1.6
    endloop
  endfacet
  facet normal 0.801989 0.597339 0
    outer loop
      vertex 55.8892 16.468 3
      vertex 55.7885 16.6032 1.6
      vertex 55.7885 16.6032 3
    endloop
  endfacet
  facet normal 0.801989 0.597339 0
    outer loop
      vertex 55.7885 16.6032 1.6
      vertex 55.8892 16.468 3
      vertex 55.8892 16.468 1.6
    endloop
  endfacet
  facet normal 0.984795 0.173718 0
    outer loop
      vertex 55.5891 17.0656 3
      vertex 55.5598 17.2317 1.6
      vertex 55.5598 17.2317 3
    endloop
  endfacet
  facet normal 0.984795 0.173718 0
    outer loop
      vertex 55.5598 17.2317 1.6
      vertex 55.5891 17.0656 3
      vertex 55.5891 17.0656 1.6
    endloop
  endfacet
  facet normal 0.549213 0.835682 -0
    outer loop
      vertex 56.275 16.1443 1.6
      vertex 56.1341 16.2369 3
      vertex 56.275 16.1443 3
    endloop
  endfacet
  facet normal 0.549213 0.835682 0
    outer loop
      vertex 56.1341 16.2369 3
      vertex 56.275 16.1443 1.6
      vertex 56.1341 16.2369 1.6
    endloop
  endfacet
  facet normal 0.230658 0.973035 -0
    outer loop
      vertex 56.7482 15.972 1.6
      vertex 56.5841 16.0109 3
      vertex 56.7482 15.972 3
    endloop
  endfacet
  facet normal 0.230658 0.973035 0
    outer loop
      vertex 56.5841 16.0109 3
      vertex 56.7482 15.972 1.6
      vertex 56.5841 16.0109 1.6
    endloop
  endfacet
  facet normal -0.115637 0.993292 0
    outer loop
      vertex 57.2518 15.972 1.6
      vertex 57.0843 15.9525 3
      vertex 57.2518 15.972 3
    endloop
  endfacet
  facet normal -0.115637 0.993292 0
    outer loop
      vertex 57.0843 15.9525 3
      vertex 57.2518 15.972 1.6
      vertex 57.0843 15.9525 1.6
    endloop
  endfacet
  facet normal 0.998309 0.0581309 0
    outer loop
      vertex 55.5598 17.2317 3
      vertex 55.55 17.4 1.6
      vertex 55.55 17.4 3
    endloop
  endfacet
  facet normal 0.998309 0.0581309 0
    outer loop
      vertex 55.55 17.4 1.6
      vertex 55.5598 17.2317 3
      vertex 55.5598 17.2317 1.6
    endloop
  endfacet
  facet normal 0.643039 0.765833 -0
    outer loop
      vertex 56.1341 16.2369 1.6
      vertex 56.005 16.3453 3
      vertex 56.1341 16.2369 3
    endloop
  endfacet
  facet normal 0.643039 0.765833 0
    outer loop
      vertex 56.005 16.3453 3
      vertex 56.1341 16.2369 1.6
      vertex 56.005 16.3453 1.6
    endloop
  endfacet
  facet normal 0.448873 0.893596 -0
    outer loop
      vertex 56.4257 16.0686 1.6
      vertex 56.275 16.1443 3
      vertex 56.4257 16.0686 3
    endloop
  endfacet
  facet normal 0.448873 0.893596 0
    outer loop
      vertex 56.275 16.1443 3
      vertex 56.4257 16.0686 1.6
      vertex 56.275 16.1443 1.6
    endloop
  endfacet
  facet normal -0.819446 -0.0478733 -0.571154
    outer loop
      vertex 59.5481 17.6927 0
      vertex 59.5652 17.4 0
      vertex 58.45 17.4 1.6
    endloop
  endfacet
  facet normal -0.527695 0.628755 -0.571143
    outer loop
      vertex 58.7603 15.5342 0
      vertex 58.5357 15.3457 0
      vertex 57.995 16.3453 1.6
    endloop
  endfacet
  facet normal 0.527695 0.628755 -0.571143
    outer loop
      vertex 56.005 16.3453 1.6
      vertex 55.4643 15.3457 0
      vertex 55.2397 15.5342 0
    endloop
  endfacet
  facet normal 0.808065 -0.145452 -0.570854
    outer loop
      vertex 55.5891 17.7344 1.6
      vertex 54.4522 17.6978 0
      vertex 54.4531 17.7028 0
    endloop
  endfacet
  facet normal 0.808373 -0.142597 -0.571138
    outer loop
      vertex 54.4522 17.6978 0
      vertex 55.5891 17.7344 1.6
      vertex 55.5598 17.5683 1.6
    endloop
  endfacet
  facet normal 0.189256 -0.79874 -0.571136
    outer loop
      vertex 56.5496 19.925 0
      vertex 56.5841 18.7891 1.6
      vertex 56.2643 19.8574 0
    endloop
  endfacet
  facet normal -0.78634 0.23551 -0.571144
    outer loop
      vertex 59.496 16.8084 0
      vertex 59.4119 16.5276 0
      vertex 58.4109 17.0656 1.6
    endloop
  endfacet
  facet normal -0.710879 0.41046 -0.571116
    outer loop
      vertex 59.2923 16.2488 0
      vertex 58.2115 16.6032 1.6
      vertex 58.2958 16.7492 1.6
    endloop
  endfacet
  facet normal -0.710776 0.410671 -0.571093
    outer loop
      vertex 58.2115 16.6032 1.6
      vertex 59.2923 16.2488 0
      vertex 59.2897 16.2443 0
    endloop
  endfacet
  facet normal 0.654683 -0.495004 -0.571281
    outer loop
      vertex 55.8892 18.332 1.6
      vertex 55.0319 19.0447 0
      vertex 55.035 19.0488 0
    endloop
  endfacet
  facet normal 0.658313 -0.490327 -0.571142
    outer loop
      vertex 55.0319 19.0447 0
      vertex 55.8892 18.332 1.6
      vertex 55.7885 18.1968 1.6
    endloop
  endfacet
  facet normal 0.819429 -0.0482017 -0.571151
    outer loop
      vertex 55.5598 17.5683 1.6
      vertex 54.4519 17.6927 0
      vertex 54.4522 17.6978 0
    endloop
  endfacet
  facet normal 0.819466 -0.0477169 -0.571139
    outer loop
      vertex 54.4519 17.6927 0
      vertex 55.5598 17.5683 1.6
      vertex 55.55 17.4 1.6
    endloop
  endfacet
  facet normal -0.710776 -0.410671 -0.571093
    outer loop
      vertex 59.2923 18.5512 0
      vertex 58.2115 18.1968 1.6
      vertex 59.2897 18.5557 0
    endloop
  endfacet
  facet normal -0.710879 -0.41046 -0.571116
    outer loop
      vertex 58.2115 18.1968 1.6
      vertex 59.2923 18.5512 0
      vertex 58.2958 18.0508 1.6
    endloop
  endfacet
  facet normal -0.367045 0.73409 -0.571305
    outer loop
      vertex 58.016 15.0446 0
      vertex 57.725 16.1443 1.6
      vertex 58.0206 15.0469 0
    endloop
  endfacet
  facet normal -0.368454 0.7335 -0.571156
    outer loop
      vertex 57.725 16.1443 1.6
      vertex 58.016 15.0446 0
      vertex 57.5743 16.0686 1.6
    endloop
  endfacet
  facet normal -0.819446 0.0478733 -0.571154
    outer loop
      vertex 59.5652 17.4 0
      vertex 59.5481 17.1073 0
      vertex 58.45 17.4 1.6
    endloop
  endfacet
  facet normal -0.368434 -0.733509 -0.571157
    outer loop
      vertex 58.016 19.7554 0
      vertex 58.278 19.6238 0
      vertex 57.5743 18.7314 1.6
    endloop
  endfacet
  facet normal 0.280953 0.771282 -0.571131
    outer loop
      vertex 56.2643 14.9426 0
      vertex 56.4257 16.0686 1.6
      vertex 56.5841 16.0109 1.6
    endloop
  endfacet
  facet normal 0.288413 0.769103 -0.57035
    outer loop
      vertex 56.4257 16.0686 1.6
      vertex 56.2643 14.9426 0
      vertex 56.2595 14.9444 0
    endloop
  endfacet
  facet normal 0.451111 0.685767 -0.571158
    outer loop
      vertex 56.275 16.1443 1.6
      vertex 55.7174 15.1785 0
      vertex 55.4725 15.3396 0
    endloop
  endfacet
  facet normal 0.189256 0.79874 -0.571136
    outer loop
      vertex 56.5841 16.0109 1.6
      vertex 56.5496 14.875 0
      vertex 56.2643 14.9426 0
    endloop
  endfacet
  facet normal -0.280563 0.771407 -0.571153
    outer loop
      vertex 58.016 15.0446 0
      vertex 57.7405 14.9444 0
      vertex 57.5743 16.0686 1.6
    endloop
  endfacet
  facet normal 0.596985 0.563384 -0.571146
    outer loop
      vertex 56.005 16.3453 1.6
      vertex 55.2397 15.5342 0
      vertex 55.0385 15.7474 0
    endloop
  endfacet
  facet normal 0.753643 0.32531 -0.571135
    outer loop
      vertex 55.6374 16.9041 1.6
      vertex 54.7057 16.2535 0
      vertex 54.5895 16.5227 0
    endloop
  endfacet
  facet normal -0.710988 -0.410239 -0.571139
    outer loop
      vertex 59.1432 18.8096 0
      vertex 59.2897 18.5557 0
      vertex 58.2115 18.1968 1.6
    endloop
  endfacet
  facet normal -0.189256 0.79874 -0.571136
    outer loop
      vertex 57.7357 14.9426 0
      vertex 57.4504 14.875 0
      vertex 57.4159 16.0109 1.6
    endloop
  endfacet
  facet normal 0.753757 -0.325079 -0.571117
    outer loop
      vertex 54.7077 18.5512 0
      vertex 55.7042 18.0508 1.6
      vertex 54.5916 18.282 0
    endloop
  endfacet
  facet normal -0.191603 0.798345 -0.570906
    outer loop
      vertex 57.4454 14.8738 0
      vertex 57.4159 16.0109 1.6
      vertex 57.4504 14.875 0
    endloop
  endfacet
  facet normal -0.189338 0.798723 -0.571133
    outer loop
      vertex 57.4159 16.0109 1.6
      vertex 57.4454 14.8738 0
      vertex 57.2518 15.972 1.6
    endloop
  endfacet
  facet normal -0.189256 -0.79874 -0.571136
    outer loop
      vertex 57.4504 19.925 0
      vertex 57.7357 19.8574 0
      vertex 57.4159 18.7891 1.6
    endloop
  endfacet
  facet normal -0.753643 0.32531 -0.571135
    outer loop
      vertex 59.4105 16.5227 0
      vertex 59.2943 16.2535 0
      vertex 58.3626 16.9041 1.6
    endloop
  endfacet
  facet normal 0.274084 -0.773883 -0.570949
    outer loop
      vertex 55.9888 19.7571 0
      vertex 56.4257 18.7314 1.6
      vertex 55.984 19.7554 0
    endloop
  endfacet
  facet normal 0.280949 -0.77127 -0.571149
    outer loop
      vertex 56.4257 18.7314 1.6
      vertex 55.9888 19.7571 0
      vertex 56.5841 18.7891 1.6
    endloop
  endfacet
  facet normal -0.789478 -0.225565 -0.570828
    outer loop
      vertex 59.4119 18.2724 0
      vertex 58.3626 17.8959 1.6
      vertex 59.4105 18.2773 0
    endloop
  endfacet
  facet normal -0.786453 -0.235206 -0.571113
    outer loop
      vertex 58.3626 17.8959 1.6
      vertex 59.4119 18.2724 0
      vertex 58.4109 17.7344 1.6
    endloop
  endfacet
  facet normal 0.597126 -0.563253 -0.571128
    outer loop
      vertex 55.2362 19.2621 0
      vertex 55.8892 18.332 1.6
      vertex 55.035 19.0488 0
    endloop
  endfacet
  facet normal 0.368433 0.733506 -0.571162
    outer loop
      vertex 56.275 16.1443 1.6
      vertex 55.9794 15.0469 0
      vertex 55.7174 15.1785 0
    endloop
  endfacet
  facet normal 0.530183 -0.62658 -0.57123
    outer loop
      vertex 55.2436 19.2691 0
      vertex 56.005 18.4547 1.6
      vertex 55.2397 19.2658 0
    endloop
  endfacet
  facet normal 0.527834 -0.628629 -0.571155
    outer loop
      vertex 56.005 18.4547 1.6
      vertex 55.2436 19.2691 0
      vertex 56.1341 18.5631 1.6
    endloop
  endfacet
  facet normal 0.819446 -0.0478733 -0.571154
    outer loop
      vertex 54.4519 17.6927 0
      vertex 55.55 17.4 1.6
      vertex 54.4348 17.4 0
    endloop
  endfacet
  facet normal -0.786453 0.235206 -0.571113
    outer loop
      vertex 59.4119 16.5276 0
      vertex 58.3626 16.9041 1.6
      vertex 58.4109 17.0656 1.6
    endloop
  endfacet
  facet normal -0.789478 0.225565 -0.570828
    outer loop
      vertex 58.3626 16.9041 1.6
      vertex 59.4119 16.5276 0
      vertex 59.4105 16.5227 0
    endloop
  endfacet
  facet normal 0.451111 -0.685767 -0.571158
    outer loop
      vertex 55.7174 19.6215 0
      vertex 56.275 18.6557 1.6
      vertex 55.4725 19.4604 0
    endloop
  endfacet
  facet normal -0.451111 -0.685767 -0.571158
    outer loop
      vertex 58.2826 19.6215 0
      vertex 58.5275 19.4604 0
      vertex 57.725 18.6557 1.6
    endloop
  endfacet
  facet normal -0.280814 -0.771329 -0.571135
    outer loop
      vertex 57.7357 19.8574 0
      vertex 58.0112 19.7571 0
      vertex 57.4159 18.7891 1.6
    endloop
  endfacet
  facet normal 0.710776 -0.410671 -0.571093
    outer loop
      vertex 55.7885 18.1968 1.6
      vertex 54.7077 18.5512 0
      vertex 54.7103 18.5557 0
    endloop
  endfacet
  facet normal 0.710879 -0.41046 -0.571116
    outer loop
      vertex 54.7077 18.5512 0
      vertex 55.7885 18.1968 1.6
      vertex 55.7042 18.0508 1.6
    endloop
  endfacet
  facet normal 0.191603 -0.798345 -0.570906
    outer loop
      vertex 56.5546 19.9262 0
      vertex 56.5841 18.7891 1.6
      vertex 56.5496 19.925 0
    endloop
  endfacet
  facet normal 0.189338 -0.798723 -0.571133
    outer loop
      vertex 56.5841 18.7891 1.6
      vertex 56.5546 19.9262 0
      vertex 56.7482 18.828 1.6
    endloop
  endfacet
  facet normal -0.280949 -0.77127 -0.571149
    outer loop
      vertex 58.0112 19.7571 0
      vertex 57.5743 18.7314 1.6
      vertex 57.4159 18.7891 1.6
    endloop
  endfacet
  facet normal -0.274084 -0.773883 -0.570949
    outer loop
      vertex 57.5743 18.7314 1.6
      vertex 58.0112 19.7571 0
      vertex 58.016 19.7554 0
    endloop
  endfacet
  facet normal -0.0949215 -0.815352 -0.571132
    outer loop
      vertex 57.4404 19.9268 0
      vertex 57.2518 18.828 1.6
      vertex 57.0843 18.8475 1.6
    endloop
  endfacet
  facet normal -0.0977955 -0.814962 -0.571203
    outer loop
      vertex 57.2518 18.828 1.6
      vertex 57.4404 19.9268 0
      vertex 57.4454 19.9262 0
    endloop
  endfacet
  facet normal 0.658325 -0.490313 -0.571141
    outer loop
      vertex 55.0319 19.0447 0
      vertex 55.7885 18.1968 1.6
      vertex 54.8568 18.8096 0
    endloop
  endfacet
  facet normal 0.0977955 -0.814962 -0.571203
    outer loop
      vertex 56.5596 19.9268 0
      vertex 56.7482 18.828 1.6
      vertex 56.5546 19.9262 0
    endloop
  endfacet
  facet normal 0.0949215 -0.815352 -0.571132
    outer loop
      vertex 56.7482 18.828 1.6
      vertex 56.5596 19.9268 0
      vertex 56.9157 18.8475 1.6
    endloop
  endfacet
  facet normal -0.658325 -0.490313 -0.571141
    outer loop
      vertex 58.9681 19.0447 0
      vertex 59.1432 18.8096 0
      vertex 58.2115 18.1968 1.6
    endloop
  endfacet
  facet normal 0.596307 -0.564075 -0.571172
    outer loop
      vertex 56.005 18.4547 1.6
      vertex 55.2362 19.2621 0
      vertex 55.2397 19.2658 0
    endloop
  endfacet
  facet normal 0.596969 -0.563398 -0.571148
    outer loop
      vertex 55.2362 19.2621 0
      vertex 56.005 18.4547 1.6
      vertex 55.8892 18.332 1.6
    endloop
  endfacet
  facet normal -0.450829 -0.685981 -0.571125
    outer loop
      vertex 58.5275 19.4604 0
      vertex 57.8659 18.5631 1.6
      vertex 57.725 18.6557 1.6
    endloop
  endfacet
  facet normal -0.447958 -0.687935 -0.571033
    outer loop
      vertex 57.8659 18.5631 1.6
      vertex 58.5275 19.4604 0
      vertex 58.5318 19.4576 0
    endloop
  endfacet
  facet normal -0.527698 -0.628759 -0.571137
    outer loop
      vertex 58.5318 19.4576 0
      vertex 58.7564 19.2691 0
      vertex 57.8659 18.5631 1.6
    endloop
  endfacet
  facet normal 0.710988 -0.410239 -0.571139
    outer loop
      vertex 54.8568 18.8096 0
      vertex 55.7885 18.1968 1.6
      vertex 54.7103 18.5557 0
    endloop
  endfacet
  facet normal 0.0951932 -0.815301 -0.571158
    outer loop
      vertex 56.8508 19.9608 0
      vertex 56.9157 18.8475 1.6
      vertex 56.5596 19.9268 0
    endloop
  endfacet
  facet normal -0.658325 0.490313 -0.571141
    outer loop
      vertex 59.1432 15.9904 0
      vertex 58.9681 15.7553 0
      vertex 58.2115 16.6032 1.6
    endloop
  endfacet
  facet normal 0.367103 -0.734205 -0.57112
    outer loop
      vertex 55.722 19.6238 0
      vertex 56.275 18.6557 1.6
      vertex 55.7174 19.6215 0
    endloop
  endfacet
  facet normal 0.368453 -0.733498 -0.571159
    outer loop
      vertex 56.275 18.6557 1.6
      vertex 55.722 19.6238 0
      vertex 56.4257 18.7314 1.6
    endloop
  endfacet
  facet normal 0.527698 -0.628759 -0.571137
    outer loop
      vertex 55.4682 19.4576 0
      vertex 56.1341 18.5631 1.6
      vertex 55.2436 19.2691 0
    endloop
  endfacet
  facet normal 0.710988 0.410239 -0.571139
    outer loop
      vertex 55.7885 16.6032 1.6
      vertex 54.8568 15.9904 0
      vertex 54.7103 16.2443 0
    endloop
  endfacet
  facet normal 0.808391 0.142476 -0.571144
    outer loop
      vertex 55.5891 17.0656 1.6
      vertex 54.504 16.8084 0
      vertex 54.4531 17.0972 0
    endloop
  endfacet
  facet normal 0 -0.820844 -0.571153
    outer loop
      vertex 56.8508 19.9608 0
      vertex 57.0843 18.8475 1.6
      vertex 56.9157 18.8475 1.6
    endloop
  endfacet
  facet normal 0 -0.820844 -0.571153
    outer loop
      vertex 57.0843 18.8475 1.6
      vertex 56.8508 19.9608 0
      vertex 57.1492 19.9608 0
    endloop
  endfacet
  facet normal 0.280563 0.771407 -0.571153
    outer loop
      vertex 56.4257 16.0686 1.6
      vertex 56.2595 14.9444 0
      vertex 55.984 15.0446 0
    endloop
  endfacet
  facet normal 0.808391 -0.142476 -0.571144
    outer loop
      vertex 54.504 17.9916 0
      vertex 55.5891 17.7344 1.6
      vertex 54.4531 17.7028 0
    endloop
  endfacet
  facet normal -0.189338 -0.798723 -0.571133
    outer loop
      vertex 57.4454 19.9262 0
      vertex 57.4159 18.7891 1.6
      vertex 57.2518 18.828 1.6
    endloop
  endfacet
  facet normal -0.191603 -0.798345 -0.570906
    outer loop
      vertex 57.4159 18.7891 1.6
      vertex 57.4454 19.9262 0
      vertex 57.4504 19.925 0
    endloop
  endfacet
  facet normal 0.819446 0.0478733 -0.571154
    outer loop
      vertex 55.55 17.4 1.6
      vertex 54.4519 17.1073 0
      vertex 54.4348 17.4 0
    endloop
  endfacet
  facet normal -0.447958 0.687935 -0.571033
    outer loop
      vertex 58.5275 15.3396 0
      vertex 57.8659 16.2369 1.6
      vertex 58.5318 15.3424 0
    endloop
  endfacet
  facet normal -0.450829 0.685981 -0.571125
    outer loop
      vertex 57.8659 16.2369 1.6
      vertex 58.5275 15.3396 0
      vertex 57.725 16.1443 1.6
    endloop
  endfacet
  facet normal 0.0949215 0.815352 -0.571132
    outer loop
      vertex 56.5596 14.8732 0
      vertex 56.7482 15.972 1.6
      vertex 56.9157 15.9525 1.6
    endloop
  endfacet
  facet normal 0.0977955 0.814962 -0.571203
    outer loop
      vertex 56.7482 15.972 1.6
      vertex 56.5596 14.8732 0
      vertex 56.5546 14.8738 0
    endloop
  endfacet
  facet normal 0.527844 0.628641 -0.571132
    outer loop
      vertex 55.4682 15.3424 0
      vertex 56.005 16.3453 1.6
      vertex 56.1341 16.2369 1.6
    endloop
  endfacet
  facet normal 0.530366 0.626797 -0.570822
    outer loop
      vertex 56.005 16.3453 1.6
      vertex 55.4682 15.3424 0
      vertex 55.4643 15.3457 0
    endloop
  endfacet
  facet normal 0.819466 0.0477169 -0.571139
    outer loop
      vertex 55.5598 17.2317 1.6
      vertex 54.4519 17.1073 0
      vertex 55.55 17.4 1.6
    endloop
  endfacet
  facet normal 0.819429 0.0482017 -0.571151
    outer loop
      vertex 54.4519 17.1073 0
      vertex 55.5598 17.2317 1.6
      vertex 54.4522 17.1022 0
    endloop
  endfacet
  facet normal -0.368453 -0.733498 -0.571159
    outer loop
      vertex 58.278 19.6238 0
      vertex 57.725 18.6557 1.6
      vertex 57.5743 18.7314 1.6
    endloop
  endfacet
  facet normal -0.367103 -0.734205 -0.57112
    outer loop
      vertex 57.725 18.6557 1.6
      vertex 58.278 19.6238 0
      vertex 58.2826 19.6215 0
    endloop
  endfacet
  facet normal -0.597126 -0.563253 -0.571128
    outer loop
      vertex 58.7638 19.2621 0
      vertex 58.965 19.0488 0
      vertex 58.1108 18.332 1.6
    endloop
  endfacet
  facet normal 0.368434 -0.733509 -0.571157
    outer loop
      vertex 55.984 19.7554 0
      vertex 56.4257 18.7314 1.6
      vertex 55.722 19.6238 0
    endloop
  endfacet
  facet normal 0.368454 0.7335 -0.571156
    outer loop
      vertex 55.984 15.0446 0
      vertex 56.275 16.1443 1.6
      vertex 56.4257 16.0686 1.6
    endloop
  endfacet
  facet normal 0.367045 0.73409 -0.571305
    outer loop
      vertex 56.275 16.1443 1.6
      vertex 55.984 15.0446 0
      vertex 55.9794 15.0469 0
    endloop
  endfacet
  facet normal 0.447958 -0.687935 -0.571033
    outer loop
      vertex 55.4725 19.4604 0
      vertex 56.1341 18.5631 1.6
      vertex 55.4682 19.4576 0
    endloop
  endfacet
  facet normal 0.450829 -0.685981 -0.571125
    outer loop
      vertex 56.1341 18.5631 1.6
      vertex 55.4725 19.4604 0
      vertex 56.275 18.6557 1.6
    endloop
  endfacet
  facet normal 0.710879 0.41046 -0.571116
    outer loop
      vertex 55.7885 16.6032 1.6
      vertex 54.7077 16.2488 0
      vertex 55.7042 16.7492 1.6
    endloop
  endfacet
  facet normal 0.710776 0.410671 -0.571093
    outer loop
      vertex 54.7077 16.2488 0
      vertex 55.7885 16.6032 1.6
      vertex 54.7103 16.2443 0
    endloop
  endfacet
  facet normal -0.0951932 -0.815301 -0.571158
    outer loop
      vertex 57.1492 19.9608 0
      vertex 57.4404 19.9268 0
      vertex 57.0843 18.8475 1.6
    endloop
  endfacet
  facet normal 0.596982 0.563411 -0.571122
    outer loop
      vertex 56.005 16.3453 1.6
      vertex 55.035 15.7512 0
      vertex 55.8892 16.468 1.6
    endloop
  endfacet
  facet normal 0.603296 0.555667 -0.572074
    outer loop
      vertex 55.035 15.7512 0
      vertex 56.005 16.3453 1.6
      vertex 55.0385 15.7474 0
    endloop
  endfacet
  facet normal 0.280814 -0.771329 -0.571135
    outer loop
      vertex 56.2643 19.8574 0
      vertex 56.5841 18.7891 1.6
      vertex 55.9888 19.7571 0
    endloop
  endfacet
  facet normal -0.654683 -0.495004 -0.571281
    outer loop
      vertex 58.9681 19.0447 0
      vertex 58.1108 18.332 1.6
      vertex 58.965 19.0488 0
    endloop
  endfacet
  facet normal -0.658313 -0.490327 -0.571142
    outer loop
      vertex 58.1108 18.332 1.6
      vertex 58.9681 19.0447 0
      vertex 58.2115 18.1968 1.6
    endloop
  endfacet
  facet normal -0.808065 -0.145452 -0.570854
    outer loop
      vertex 59.5478 17.6978 0
      vertex 58.4109 17.7344 1.6
      vertex 59.5469 17.7028 0
    endloop
  endfacet
  facet normal -0.808373 -0.142597 -0.571138
    outer loop
      vertex 58.4109 17.7344 1.6
      vertex 59.5478 17.6978 0
      vertex 58.4402 17.5683 1.6
    endloop
  endfacet
  facet normal -0.753757 -0.325079 -0.571117
    outer loop
      vertex 59.2923 18.5512 0
      vertex 59.4084 18.282 0
      vertex 58.2958 18.0508 1.6
    endloop
  endfacet
  facet normal -0.658313 0.490327 -0.571142
    outer loop
      vertex 58.9681 15.7553 0
      vertex 58.1108 16.468 1.6
      vertex 58.2115 16.6032 1.6
    endloop
  endfacet
  facet normal -0.654683 0.495004 -0.571281
    outer loop
      vertex 58.1108 16.468 1.6
      vertex 58.9681 15.7553 0
      vertex 58.965 15.7512 0
    endloop
  endfacet
  facet normal -0.288413 0.769103 -0.57035
    outer loop
      vertex 57.7357 14.9426 0
      vertex 57.5743 16.0686 1.6
      vertex 57.7405 14.9444 0
    endloop
  endfacet
  facet normal -0.280953 0.771282 -0.571131
    outer loop
      vertex 57.5743 16.0686 1.6
      vertex 57.7357 14.9426 0
      vertex 57.4159 16.0109 1.6
    endloop
  endfacet
  facet normal 0.658313 0.490327 -0.571142
    outer loop
      vertex 55.8892 16.468 1.6
      vertex 55.0319 15.7553 0
      vertex 55.7885 16.6032 1.6
    endloop
  endfacet
  facet normal 0.654683 0.495004 -0.571281
    outer loop
      vertex 55.0319 15.7553 0
      vertex 55.8892 16.468 1.6
      vertex 55.035 15.7512 0
    endloop
  endfacet
  facet normal 0.450829 0.685981 -0.571125
    outer loop
      vertex 55.4725 15.3396 0
      vertex 56.1341 16.2369 1.6
      vertex 56.275 16.1443 1.6
    endloop
  endfacet
  facet normal 0.447958 0.687935 -0.571033
    outer loop
      vertex 56.1341 16.2369 1.6
      vertex 55.4725 15.3396 0
      vertex 55.4682 15.3424 0
    endloop
  endfacet
  facet normal 0.750134 -0.335166 -0.570056
    outer loop
      vertex 55.7042 18.0508 1.6
      vertex 54.5895 18.2773 0
      vertex 54.5916 18.282 0
    endloop
  endfacet
  facet normal 0.753749 -0.325051 -0.571143
    outer loop
      vertex 54.5895 18.2773 0
      vertex 55.7042 18.0508 1.6
      vertex 55.6374 17.8959 1.6
    endloop
  endfacet
  facet normal 0.786453 0.235206 -0.571113
    outer loop
      vertex 55.6374 16.9041 1.6
      vertex 54.5881 16.5276 0
      vertex 55.5891 17.0656 1.6
    endloop
  endfacet
  facet normal 0.789478 0.225565 -0.570828
    outer loop
      vertex 54.5881 16.5276 0
      vertex 55.6374 16.9041 1.6
      vertex 54.5895 16.5227 0
    endloop
  endfacet
  facet normal 0.0951932 0.815301 -0.571158
    outer loop
      vertex 56.9157 15.9525 1.6
      vertex 56.8508 14.8392 0
      vertex 56.5596 14.8732 0
    endloop
  endfacet
  facet normal -0.710988 0.410239 -0.571139
    outer loop
      vertex 59.2897 16.2443 0
      vertex 59.1432 15.9904 0
      vertex 58.2115 16.6032 1.6
    endloop
  endfacet
  facet normal -0.527834 -0.628629 -0.571155
    outer loop
      vertex 58.7564 19.2691 0
      vertex 57.995 18.4547 1.6
      vertex 57.8659 18.5631 1.6
    endloop
  endfacet
  facet normal -0.530183 -0.62658 -0.57123
    outer loop
      vertex 57.995 18.4547 1.6
      vertex 58.7564 19.2691 0
      vertex 58.7603 19.2658 0
    endloop
  endfacet
  facet normal -0.451111 0.685767 -0.571158
    outer loop
      vertex 58.5275 15.3396 0
      vertex 58.2826 15.1785 0
      vertex 57.725 16.1443 1.6
    endloop
  endfacet
  facet normal 0.658325 0.490313 -0.571141
    outer loop
      vertex 55.7885 16.6032 1.6
      vertex 55.0319 15.7553 0
      vertex 54.8568 15.9904 0
    endloop
  endfacet
  facet normal 0.808373 0.142597 -0.571138
    outer loop
      vertex 55.5891 17.0656 1.6
      vertex 54.4522 17.1022 0
      vertex 55.5598 17.2317 1.6
    endloop
  endfacet
  facet normal 0.808065 0.145452 -0.570854
    outer loop
      vertex 54.4522 17.1022 0
      vertex 55.5891 17.0656 1.6
      vertex 54.4531 17.0972 0
    endloop
  endfacet
  facet normal -0.596982 0.563411 -0.571122
    outer loop
      vertex 58.965 15.7512 0
      vertex 57.995 16.3453 1.6
      vertex 58.1108 16.468 1.6
    endloop
  endfacet
  facet normal -0.603296 0.555667 -0.572074
    outer loop
      vertex 57.995 16.3453 1.6
      vertex 58.965 15.7512 0
      vertex 58.9615 15.7474 0
    endloop
  endfacet
  facet normal -0.750134 -0.335166 -0.570056
    outer loop
      vertex 59.4105 18.2773 0
      vertex 58.2958 18.0508 1.6
      vertex 59.4084 18.282 0
    endloop
  endfacet
  facet normal -0.753749 -0.325051 -0.571143
    outer loop
      vertex 58.2958 18.0508 1.6
      vertex 59.4105 18.2773 0
      vertex 58.3626 17.8959 1.6
    endloop
  endfacet
  facet normal -0.596307 -0.564075 -0.571172
    outer loop
      vertex 58.7638 19.2621 0
      vertex 57.995 18.4547 1.6
      vertex 58.7603 19.2658 0
    endloop
  endfacet
  facet normal -0.596969 -0.563398 -0.571148
    outer loop
      vertex 57.995 18.4547 1.6
      vertex 58.7638 19.2621 0
      vertex 58.1108 18.332 1.6
    endloop
  endfacet
  facet normal 0.78634 0.23551 -0.571144
    outer loop
      vertex 55.5891 17.0656 1.6
      vertex 54.5881 16.5276 0
      vertex 54.504 16.8084 0
    endloop
  endfacet
  facet normal -0.753771 0.325061 -0.571108
    outer loop
      vertex 59.2943 16.2535 0
      vertex 58.2958 16.7492 1.6
      vertex 58.3626 16.9041 1.6
    endloop
  endfacet
  facet normal -0.755398 0.321446 -0.571004
    outer loop
      vertex 58.2958 16.7492 1.6
      vertex 59.2943 16.2535 0
      vertex 59.2923 16.2488 0
    endloop
  endfacet
  facet normal 0.78634 -0.23551 -0.571144
    outer loop
      vertex 54.5881 18.2724 0
      vertex 55.5891 17.7344 1.6
      vertex 54.504 17.9916 0
    endloop
  endfacet
  facet normal -0.808391 0.142476 -0.571144
    outer loop
      vertex 59.5469 17.0972 0
      vertex 59.496 16.8084 0
      vertex 58.4109 17.0656 1.6
    endloop
  endfacet
  facet normal 0.789478 -0.225565 -0.570828
    outer loop
      vertex 55.6374 17.8959 1.6
      vertex 54.5881 18.2724 0
      vertex 54.5895 18.2773 0
    endloop
  endfacet
  facet normal 0.786453 -0.235206 -0.571113
    outer loop
      vertex 54.5881 18.2724 0
      vertex 55.6374 17.8959 1.6
      vertex 55.5891 17.7344 1.6
    endloop
  endfacet
  facet normal 0.753771 0.325061 -0.571108
    outer loop
      vertex 55.7042 16.7492 1.6
      vertex 54.7057 16.2535 0
      vertex 55.6374 16.9041 1.6
    endloop
  endfacet
  facet normal 0.755398 0.321446 -0.571004
    outer loop
      vertex 54.7057 16.2535 0
      vertex 55.7042 16.7492 1.6
      vertex 54.7077 16.2488 0
    endloop
  endfacet
  facet normal -0.78634 -0.23551 -0.571144
    outer loop
      vertex 59.4119 18.2724 0
      vertex 59.496 17.9916 0
      vertex 58.4109 17.7344 1.6
    endloop
  endfacet
  facet normal -0.808391 -0.142476 -0.571144
    outer loop
      vertex 59.496 17.9916 0
      vertex 59.5469 17.7028 0
      vertex 58.4109 17.7344 1.6
    endloop
  endfacet
  facet normal 0.189338 0.798723 -0.571133
    outer loop
      vertex 56.5546 14.8738 0
      vertex 56.5841 16.0109 1.6
      vertex 56.7482 15.972 1.6
    endloop
  endfacet
  facet normal 0.191603 0.798345 -0.570906
    outer loop
      vertex 56.5841 16.0109 1.6
      vertex 56.5546 14.8738 0
      vertex 56.5496 14.875 0
    endloop
  endfacet
  facet normal -0.596985 0.563384 -0.571146
    outer loop
      vertex 58.9615 15.7474 0
      vertex 58.7603 15.5342 0
      vertex 57.995 16.3453 1.6
    endloop
  endfacet
  facet normal -0.819429 -0.0482017 -0.571151
    outer loop
      vertex 59.5481 17.6927 0
      vertex 58.4402 17.5683 1.6
      vertex 59.5478 17.6978 0
    endloop
  endfacet
  facet normal -0.819466 -0.0477169 -0.571139
    outer loop
      vertex 58.4402 17.5683 1.6
      vertex 59.5481 17.6927 0
      vertex 58.45 17.4 1.6
    endloop
  endfacet
  facet normal -0.368433 0.733506 -0.571162
    outer loop
      vertex 58.2826 15.1785 0
      vertex 58.0206 15.0469 0
      vertex 57.725 16.1443 1.6
    endloop
  endfacet
  facet normal -0.0977955 0.814962 -0.571203
    outer loop
      vertex 57.4404 14.8732 0
      vertex 57.2518 15.972 1.6
      vertex 57.4454 14.8738 0
    endloop
  endfacet
  facet normal -0.0949215 0.815352 -0.571132
    outer loop
      vertex 57.2518 15.972 1.6
      vertex 57.4404 14.8732 0
      vertex 57.0843 15.9525 1.6
    endloop
  endfacet
  facet normal 0 0.820844 -0.571153
    outer loop
      vertex 57.1492 14.8392 0
      vertex 56.9157 15.9525 1.6
      vertex 57.0843 15.9525 1.6
    endloop
  endfacet
  facet normal 0 0.820844 -0.571153
    outer loop
      vertex 56.9157 15.9525 1.6
      vertex 57.1492 14.8392 0
      vertex 56.8508 14.8392 0
    endloop
  endfacet
  facet normal -0.530366 0.626797 -0.570822
    outer loop
      vertex 58.5318 15.3424 0
      vertex 57.995 16.3453 1.6
      vertex 58.5357 15.3457 0
    endloop
  endfacet
  facet normal -0.527844 0.628641 -0.571132
    outer loop
      vertex 57.995 16.3453 1.6
      vertex 58.5318 15.3424 0
      vertex 57.8659 16.2369 1.6
    endloop
  endfacet
  facet normal -0.0951932 0.815301 -0.571158
    outer loop
      vertex 57.4404 14.8732 0
      vertex 57.1492 14.8392 0
      vertex 57.0843 15.9525 1.6
    endloop
  endfacet
  facet normal -0.808065 0.145452 -0.570854
    outer loop
      vertex 58.4109 17.0656 1.6
      vertex 59.5478 17.1022 0
      vertex 59.5469 17.0972 0
    endloop
  endfacet
  facet normal -0.808373 0.142597 -0.571138
    outer loop
      vertex 59.5478 17.1022 0
      vertex 58.4109 17.0656 1.6
      vertex 58.4402 17.2317 1.6
    endloop
  endfacet
  facet normal -0.819466 0.0477169 -0.571139
    outer loop
      vertex 59.5481 17.1073 0
      vertex 58.4402 17.2317 1.6
      vertex 58.45 17.4 1.6
    endloop
  endfacet
  facet normal -0.819429 0.0482017 -0.571151
    outer loop
      vertex 58.4402 17.2317 1.6
      vertex 59.5481 17.1073 0
      vertex 59.5478 17.1022 0
    endloop
  endfacet
  facet normal -1 0 0
    outer loop
      vertex 62.5 -24.9 2.5
      vertex 62.5 -35.3 3
      vertex 62.5 -24.9 3
    endloop
  endfacet
  facet normal -1 0 0
    outer loop
      vertex 62.5 -24.9 2.5
      vertex 62.5 -36.7 3
      vertex 62.5 -35.3 3
    endloop
  endfacet
  facet normal -1 0 0
    outer loop
      vertex 62.5 -52.2 2.5
      vertex 62.5 -36.7 3
      vertex 62.5 -24.9 2.5
    endloop
  endfacet
  facet normal -1 0 0
    outer loop
      vertex 62.5 -50.9881 3
      vertex 62.5 -51.8 3
      vertex 62.5 -50.9881 13.5
    endloop
  endfacet
  facet normal -1 -0 0
    outer loop
      vertex 62.5 -36.7 3
      vertex 62.5 -52.2 2.5
      vertex 62.5 -50.9881 3
    endloop
  endfacet
  facet normal -1 -0 0
    outer loop
      vertex 62.5 -50.9881 3
      vertex 62.5 -52.2 2.5
      vertex 62.5 -51.8 3
    endloop
  endfacet
  facet normal -1 -0 0
    outer loop
      vertex 62.5 -51.8 3
      vertex 62.5 -52.2 2.5
      vertex 62.5 -52.2 3
    endloop
  endfacet
  facet normal -1 -0 0
    outer loop
      vertex 62.5 -50.9881 13.5
      vertex 62.5 -51.8 3
      vertex 62.5 -51.8 13.5
    endloop
  endfacet
  facet normal 0 0 -1
    outer loop
      vertex 49.5 -51.8 13.5
      vertex 62.5 -50.9881 13.5
      vertex 62.5 -51.8 13.5
    endloop
  endfacet
  facet normal -0 0 -1
    outer loop
      vertex 62.5 -50.9881 13.5
      vertex 49.5 -51.8 13.5
      vertex 49.5 -50.9881 13.5
    endloop
  endfacet
  facet normal -0 0 1
    outer loop
      vertex 49.5 -24.9 2.5
      vertex 62.5 -52.2 2.5
      vertex 62.5 -24.9 2.5
    endloop
  endfacet
  facet normal 0 0 1
    outer loop
      vertex 62.5 -52.2 2.5
      vertex 49.5 -24.9 2.5
      vertex 49.5 -52.2 2.5
    endloop
  endfacet
  facet normal 1 0 0
    outer loop
      vertex 49.5 -50.9881 13.5
      vertex 49.5 -51.8 13.5
      vertex 49.5 -50.9881 3
    endloop
  endfacet
  facet normal 1 -0 0
    outer loop
      vertex 49.5 -28.95 3
      vertex 49.5 -24.9 2.5
      vertex 49.5 -24.9 3
    endloop
  endfacet
  facet normal 1 0 0
    outer loop
      vertex 49.5 -52.2 2.5
      vertex 49.5 -28.95 3
      vertex 49.5 -50.9881 3
    endloop
  endfacet
  facet normal 1 0 0
    outer loop
      vertex 49.5 -51.8 3
      vertex 49.5 -50.9881 3
      vertex 49.5 -51.8 13.5
    endloop
  endfacet
  facet normal 1 0 0
    outer loop
      vertex 49.5 -52.2 2.5
      vertex 49.5 -50.9881 3
      vertex 49.5 -51.8 3
    endloop
  endfacet
  facet normal 1 0 0
    outer loop
      vertex 49.5 -52.2 2.5
      vertex 49.5 -51.8 3
      vertex 49.5 -52.2 3
    endloop
  endfacet
  facet normal 1 0 0
    outer loop
      vertex 49.5 -28.95 3
      vertex 49.5 -52.2 2.5
      vertex 49.5 -24.9 2.5
    endloop
  endfacet
  facet normal 0 -1 0
    outer loop
      vertex 49.5 -24.9 2.5
      vertex 57.6 -24.9 3
      vertex 49.5 -24.9 3
    endloop
  endfacet
  facet normal 0 -1 0
    outer loop
      vertex 62.5 -24.9 2.5
      vertex 57.6 -24.9 3
      vertex 49.5 -24.9 2.5
    endloop
  endfacet
  facet normal 0 -1 0
    outer loop
      vertex 57.6 -24.9 3
      vertex 62.5 -24.9 2.5
      vertex 62.5 -24.9 3
    endloop
  endfacet
  facet normal 0 1 -0
    outer loop
      vertex 62.5 -52.2 2.5
      vertex 49.5 -52.2 3
      vertex 62.5 -52.2 3
    endloop
  endfacet
  facet normal 0 1 0
    outer loop
      vertex 49.5 -52.2 3
      vertex 62.5 -52.2 2.5
      vertex 49.5 -52.2 2.5
    endloop
  endfacet
  facet normal -1 0 0
    outer loop
      vertex 62.5 52.2 2.5
      vertex 62.5 51.8 3
      vertex 62.5 52.2 3
    endloop
  endfacet
  facet normal -1 0 0
    outer loop
      vertex 62.5 51.8 3
      vertex 62.5 50.9881 3
      vertex 62.5 51.8 13.5
    endloop
  endfacet
  facet normal -1 0 0
    outer loop
      vertex 62.5 52.2 2.5
      vertex 62.5 50.9881 3
      vertex 62.5 51.8 3
    endloop
  endfacet
  facet normal -1 0 0
    outer loop
      vertex 62.5 52.2 2.5
      vertex 62.5 36.7 3
      vertex 62.5 50.9881 3
    endloop
  endfacet
  facet normal -1 0 0
    outer loop
      vertex 62.5 24.9 2.5
      vertex 62.5 36.7 3
      vertex 62.5 52.2 2.5
    endloop
  endfacet
  facet normal -1 -0 0
    outer loop
      vertex 62.5 36.7 3
      vertex 62.5 24.9 2.5
      vertex 62.5 35.3 3
    endloop
  endfacet
  facet normal -1 -0 0
    outer loop
      vertex 62.5 35.3 3
      vertex 62.5 24.9 2.5
      vertex 62.5 24.9 3
    endloop
  endfacet
  facet normal -1 -0 0
    outer loop
      vertex 62.5 51.8 13.5
      vertex 62.5 50.9881 3
      vertex 62.5 50.9881 13.5
    endloop
  endfacet
  facet normal 0 0 -1
    outer loop
      vertex 49.5 50.9881 13.5
      vertex 62.5 51.8 13.5
      vertex 62.5 50.9881 13.5
    endloop
  endfacet
  facet normal -0 0 -1
    outer loop
      vertex 62.5 51.8 13.5
      vertex 49.5 50.9881 13.5
      vertex 49.5 51.8 13.5
    endloop
  endfacet
  facet normal -0 0 1
    outer loop
      vertex 49.5 52.2 2.5
      vertex 62.5 24.9 2.5
      vertex 62.5 52.2 2.5
    endloop
  endfacet
  facet normal 0 0 1
    outer loop
      vertex 62.5 24.9 2.5
      vertex 49.5 52.2 2.5
      vertex 49.5 24.9 2.5
    endloop
  endfacet
  facet normal 1 0 0
    outer loop
      vertex 49.5 51.8 13.5
      vertex 49.5 50.9881 13.5
      vertex 49.5 51.8 3
    endloop
  endfacet
  facet normal 1 -0 0
    outer loop
      vertex 49.5 51.8 3
      vertex 49.5 52.2 2.5
      vertex 49.5 52.2 3
    endloop
  endfacet
  facet normal 1 0 0
    outer loop
      vertex 49.5 50.9881 3
      vertex 49.5 51.8 3
      vertex 49.5 50.9881 13.5
    endloop
  endfacet
  facet normal 1 -0 0
    outer loop
      vertex 49.5 50.9881 3
      vertex 49.5 52.2 2.5
      vertex 49.5 51.8 3
    endloop
  endfacet
  facet normal 1 -0 0
    outer loop
      vertex 49.5 28.95 3
      vertex 49.5 52.2 2.5
      vertex 49.5 50.9881 3
    endloop
  endfacet
  facet normal 1 0 0
    outer loop
      vertex 49.5 24.9 2.5
      vertex 49.5 28.95 3
      vertex 49.5 24.9 3
    endloop
  endfacet
  facet normal 1 0 0
    outer loop
      vertex 49.5 28.95 3
      vertex 49.5 24.9 2.5
      vertex 49.5 52.2 2.5
    endloop
  endfacet
  facet normal 0 -1 0
    outer loop
      vertex 49.5 52.2 2.5
      vertex 62.5 52.2 3
      vertex 49.5 52.2 3
    endloop
  endfacet
  facet normal 0 -1 -0
    outer loop
      vertex 62.5 52.2 3
      vertex 49.5 52.2 2.5
      vertex 62.5 52.2 2.5
    endloop
  endfacet
  facet normal 0 1 -0
    outer loop
      vertex 62.5 24.9 2.5
      vertex 57.6 24.9 3
      vertex 62.5 24.9 3
    endloop
  endfacet
  facet normal 0 1 0
    outer loop
      vertex 49.5 24.9 2.5
      vertex 57.6 24.9 3
      vertex 62.5 24.9 2.5
    endloop
  endfacet
  facet normal 0 1 0
    outer loop
      vertex 57.6 24.9 3
      vertex 49.5 24.9 2.5
      vertex 49.5 24.9 3
    endloop
  endfacet
  facet normal -0.802103 -0.597185 0
    outer loop
      vertex 70.8484 47.8466 3
      vertex 70.3623 48.4995 34
      vertex 70.3623 48.4995 3
    endloop
  endfacet
  facet normal -0.802103 -0.597185 0
    outer loop
      vertex 70.3623 48.4995 34
      vertex 70.8484 47.8466 3
      vertex 70.8484 47.8466 34
    endloop
  endfacet
  facet normal 0.802103 0.597185 0
    outer loop
      vertex -70.3623 -48.4995 34
      vertex -70.8484 -47.8466 3
      vertex -70.8484 -47.8466 34
    endloop
  endfacet
  facet normal 0.802103 0.597185 0
    outer loop
      vertex -70.8484 -47.8466 3
      vertex -70.3623 -48.4995 34
      vertex -70.3623 -48.4995 3
    endloop
  endfacet
  facet normal 0.9848 0.173694 0
    outer loop
      vertex -71.8113 -45.6143 34
      vertex -71.9527 -44.8126 3
      vertex -71.9527 -44.8126 34
    endloop
  endfacet
  facet normal 0.9848 0.173694 0
    outer loop
      vertex -71.9527 -44.8126 3
      vertex -71.8113 -45.6143 34
      vertex -71.8113 -45.6143 3
    endloop
  endfacet
  facet normal 0.99831 0.0581099 0
    outer loop
      vertex -71.9527 -44.8126 34
      vertex -72 -44 3
      vertex -72 -44 34
    endloop
  endfacet
  facet normal 0.99831 0.0581099 0
    outer loop
      vertex -72 -44 3
      vertex -71.9527 -44.8126 34
      vertex -71.9527 -44.8126 3
    endloop
  endfacet
  facet normal -0.727384 0.68623 0
    outer loop
      vertex 69.8037 -49.0916 3
      vertex 70.3623 -48.4995 34
      vertex 70.3623 -48.4995 3
    endloop
  endfacet
  facet normal -0.727384 0.68623 0
    outer loop
      vertex 70.3623 -48.4995 34
      vertex 69.8037 -49.0916 3
      vertex 69.8037 -49.0916 34
    endloop
  endfacet
  facet normal 0.549501 0.835493 -0
    outer loop
      vertex -68.5 -50.0622 3
      vertex -69.1801 -49.6149 34
      vertex -68.5 -50.0622 34
    endloop
  endfacet
  facet normal 0.549501 0.835493 0
    outer loop
      vertex -69.1801 -49.6149 34
      vertex -68.5 -50.0622 3
      vertex -69.1801 -49.6149 3
    endloop
  endfacet
  facet normal -0.9848 -0.173694 0
    outer loop
      vertex 71.9527 44.8126 3
      vertex 71.8113 45.6143 34
      vertex 71.8113 45.6143 3
    endloop
  endfacet
  facet normal -0.9848 -0.173694 0
    outer loop
      vertex 71.8113 45.6143 34
      vertex 71.9527 44.8126 3
      vertex 71.9527 44.8126 34
    endloop
  endfacet
  facet normal -0.957975 -0.286852 0
    outer loop
      vertex 71.8113 45.6143 3
      vertex 71.5778 46.3941 34
      vertex 71.5778 46.3941 3
    endloop
  endfacet
  facet normal -0.957975 -0.286852 0
    outer loop
      vertex 71.5778 46.3941 34
      vertex 71.8113 45.6143 3
      vertex 71.8113 45.6143 34
    endloop
  endfacet
  facet normal -0.23058 -0.973053 0
    outer loop
      vertex 66.2155 50.8936 3
      vertex 67.0076 50.7059 34
      vertex 66.2155 50.8936 34
    endloop
  endfacet
  facet normal -0.23058 -0.973053 -0
    outer loop
      vertex 67.0076 50.7059 34
      vertex 66.2155 50.8936 3
      vertex 67.0076 50.7059 3
    endloop
  endfacet
  facet normal 0 1 0
    outer loop
      vertex 62.7 -50.9881 17.2
      vertex 62.5 -50.9881 13.5
      vertex 49.3 -50.9881 17.2
    endloop
  endfacet
  facet normal 0 1 -0
    outer loop
      vertex 62.7 -50.9881 3
      vertex 62.5 -50.9881 13.5
      vertex 62.7 -50.9881 17.2
    endloop
  endfacet
  facet normal 0 1 0
    outer loop
      vertex 62.5 -50.9881 13.5
      vertex 62.7 -50.9881 3
      vertex 62.5 -50.9881 3
    endloop
  endfacet
  facet normal 0 1 0
    outer loop
      vertex 62.7 -50.9881 17.2
      vertex 65.407 -50.9881 34
      vertex 64.9 -50.9881 17.2
    endloop
  endfacet
  facet normal 0 1 -0
    outer loop
      vertex 65.407 -50.9881 3
      vertex 64.9 -50.9881 17.2
      vertex 65.407 -50.9881 34
    endloop
  endfacet
  facet normal 0 1 0
    outer loop
      vertex 64.9 -50.9881 17.2
      vertex 65.407 -50.9881 3
      vertex 64.9 -50.9881 3
    endloop
  endfacet
  facet normal 0 1 0
    outer loop
      vertex 49.3 -50.9881 17.2
      vertex 65.407 -50.9881 34
      vertex 62.7 -50.9881 17.2
    endloop
  endfacet
  facet normal 0 1 0
    outer loop
      vertex 47.1 -50.9881 17.2
      vertex 65.407 -50.9881 34
      vertex 49.3 -50.9881 17.2
    endloop
  endfacet
  facet normal 0 1 0
    outer loop
      vertex 65.407 -50.9881 34
      vertex 47.1 -50.9881 17.2
      vertex -65.407 -50.9881 34
    endloop
  endfacet
  facet normal 0 1 0
    outer loop
      vertex -65.407 -50.9881 3
      vertex 47.1 -50.9881 17.2
      vertex 47.1 -50.9881 3
    endloop
  endfacet
  facet normal 0 1 0
    outer loop
      vertex 47.1 -50.9881 17.2
      vertex -65.407 -50.9881 3
      vertex -65.407 -50.9881 34
    endloop
  endfacet
  facet normal 0 1 -0
    outer loop
      vertex 49.5 -50.9881 13.5
      vertex 49.3 -50.9881 17.2
      vertex 62.5 -50.9881 13.5
    endloop
  endfacet
  facet normal 0 1 0
    outer loop
      vertex 49.3 -50.9881 3
      vertex 49.5 -50.9881 13.5
      vertex 49.5 -50.9881 3
    endloop
  endfacet
  facet normal 0 1 0
    outer loop
      vertex 49.5 -50.9881 13.5
      vertex 49.3 -50.9881 3
      vertex 49.3 -50.9881 17.2
    endloop
  endfacet
  facet normal -0.866042 0.499971 0
    outer loop
      vertex 70.8484 -47.8466 3
      vertex 71.2554 -47.1416 34
      vertex 71.2554 -47.1416 3
    endloop
  endfacet
  facet normal -0.866042 0.499971 0
    outer loop
      vertex 71.2554 -47.1416 34
      vertex 70.8484 -47.8466 3
      vertex 70.8484 -47.8466 34
    endloop
  endfacet
  facet normal 0.549501 -0.835493 0
    outer loop
      vertex -69.1801 49.6149 3
      vertex -68.5 50.0622 34
      vertex -69.1801 49.6149 34
    endloop
  endfacet
  facet normal 0.549501 -0.835493 0
    outer loop
      vertex -68.5 50.0622 34
      vertex -69.1801 49.6149 3
      vertex -68.5 50.0622 3
    endloop
  endfacet
  facet normal 0.448785 -0.89364 0
    outer loop
      vertex -68.5 50.0622 3
      vertex -67.7726 50.4275 34
      vertex -68.5 50.0622 34
    endloop
  endfacet
  facet normal 0.448785 -0.89364 0
    outer loop
      vertex -67.7726 50.4275 34
      vertex -68.5 50.0622 3
      vertex -67.7726 50.4275 3
    endloop
  endfacet
  facet normal 1 -0 0
    outer loop
      vertex -72 -44 34
      vertex -72 -33.5 3
      vertex -72 -33.5 34
    endloop
  endfacet
  facet normal 1 0 0
    outer loop
      vertex -72 -33.5 3
      vertex -72 -44 34
      vertex -72 -44 3
    endloop
  endfacet
  facet normal 1 -0 0
    outer loop
      vertex -72 33.5 34
      vertex -72 44 3
      vertex -72 44 34
    endloop
  endfacet
  facet normal 1 0 0
    outer loop
      vertex -72 44 3
      vertex -72 33.5 34
      vertex -72 33.5 3
    endloop
  endfacet
  facet normal 0.957975 0.286852 0
    outer loop
      vertex -71.5778 -46.3941 34
      vertex -71.8113 -45.6143 3
      vertex -71.8113 -45.6143 34
    endloop
  endfacet
  facet normal 0.957975 0.286852 0
    outer loop
      vertex -71.8113 -45.6143 3
      vertex -71.5778 -46.3941 34
      vertex -71.5778 -46.3941 3
    endloop
  endfacet
  facet normal -0.866042 -0.499971 0
    outer loop
      vertex 71.2554 47.1416 3
      vertex 70.8484 47.8466 34
      vertex 70.8484 47.8466 3
    endloop
  endfacet
  facet normal -0.866042 -0.499971 0
    outer loop
      vertex 70.8484 47.8466 34
      vertex 71.2554 47.1416 3
      vertex 71.2554 47.1416 34
    endloop
  endfacet
  facet normal -0.957975 0.286852 0
    outer loop
      vertex 71.5778 -46.3941 3
      vertex 71.8113 -45.6143 34
      vertex 71.8113 -45.6143 3
    endloop
  endfacet
  facet normal -0.957975 0.286852 0
    outer loop
      vertex 71.8113 -45.6143 34
      vertex 71.5778 -46.3941 3
      vertex 71.5778 -46.3941 34
    endloop
  endfacet
  facet normal -0.99831 -0.0581099 0
    outer loop
      vertex 72 44 3
      vertex 71.9527 44.8126 34
      vertex 71.9527 44.8126 3
    endloop
  endfacet
  facet normal -0.99831 -0.0581099 0
    outer loop
      vertex 71.9527 44.8126 34
      vertex 72 44 3
      vertex 72 44 34
    endloop
  endfacet
  facet normal -0.116093 0.993238 0
    outer loop
      vertex 66.2155 -50.8936 3
      vertex 65.407 -50.9881 34
      vertex 66.2155 -50.8936 34
    endloop
  endfacet
  facet normal -0.116093 0.993238 0
    outer loop
      vertex 65.407 -50.9881 34
      vertex 66.2155 -50.8936 3
      vertex 65.407 -50.9881 3
    endloop
  endfacet
  facet normal 0.23058 -0.973053 0
    outer loop
      vertex -67.0076 50.7059 3
      vertex -66.2155 50.8936 34
      vertex -67.0076 50.7059 34
    endloop
  endfacet
  facet normal 0.23058 -0.973053 0
    outer loop
      vertex -66.2155 50.8936 34
      vertex -67.0076 50.7059 3
      vertex -66.2155 50.8936 3
    endloop
  endfacet
  facet normal 0.116093 -0.993238 0
    outer loop
      vertex -66.2155 50.8936 3
      vertex -65.407 50.9881 34
      vertex -66.2155 50.8936 34
    endloop
  endfacet
  facet normal 0.116093 -0.993238 0
    outer loop
      vertex -65.407 50.9881 34
      vertex -66.2155 50.8936 3
      vertex -65.407 50.9881 3
    endloop
  endfacet
  facet normal 0 -1 0
    outer loop
      vertex 49.3 50.9881 17.2
      vertex 49.5 50.9881 13.5
      vertex 62.7 50.9881 17.2
    endloop
  endfacet
  facet normal 0 -1 0
    outer loop
      vertex 49.3 50.9881 3
      vertex 49.5 50.9881 13.5
      vertex 49.3 50.9881 17.2
    endloop
  endfacet
  facet normal 0 -1 -0
    outer loop
      vertex 49.5 50.9881 13.5
      vertex 49.3 50.9881 3
      vertex 49.5 50.9881 3
    endloop
  endfacet
  facet normal 0 -1 0
    outer loop
      vertex -65.407 50.9881 34
      vertex 47.1 50.9881 17.2
      vertex 65.407 50.9881 34
    endloop
  endfacet
  facet normal 0 -1 0
    outer loop
      vertex -65.407 50.9881 3
      vertex 47.1 50.9881 17.2
      vertex -65.407 50.9881 34
    endloop
  endfacet
  facet normal 0 -1 -0
    outer loop
      vertex 47.1 50.9881 17.2
      vertex -65.407 50.9881 3
      vertex 47.1 50.9881 3
    endloop
  endfacet
  facet normal 0 -1 0
    outer loop
      vertex 49.3 50.9881 17.2
      vertex 65.407 50.9881 34
      vertex 47.1 50.9881 17.2
    endloop
  endfacet
  facet normal 0 -1 0
    outer loop
      vertex 62.7 50.9881 17.2
      vertex 65.407 50.9881 34
      vertex 49.3 50.9881 17.2
    endloop
  endfacet
  facet normal 0 -1 0
    outer loop
      vertex 64.9 50.9881 17.2
      vertex 65.407 50.9881 34
      vertex 62.7 50.9881 17.2
    endloop
  endfacet
  facet normal 0 -1 0
    outer loop
      vertex 65.407 50.9881 3
      vertex 64.9 50.9881 17.2
      vertex 64.9 50.9881 3
    endloop
  endfacet
  facet normal 0 -1 0
    outer loop
      vertex 64.9 50.9881 17.2
      vertex 65.407 50.9881 3
      vertex 65.407 50.9881 34
    endloop
  endfacet
  facet normal 0 -1 0
    outer loop
      vertex 62.5 50.9881 13.5
      vertex 62.7 50.9881 17.2
      vertex 49.5 50.9881 13.5
    endloop
  endfacet
  facet normal 0 -1 0
    outer loop
      vertex 62.7 50.9881 3
      vertex 62.5 50.9881 13.5
      vertex 62.5 50.9881 3
    endloop
  endfacet
  facet normal 0 -1 0
    outer loop
      vertex 62.5 50.9881 13.5
      vertex 62.7 50.9881 3
      vertex 62.7 50.9881 17.2
    endloop
  endfacet
  facet normal 0.642815 -0.766022 0
    outer loop
      vertex -69.8037 49.0916 3
      vertex -69.1801 49.6149 34
      vertex -69.8037 49.0916 34
    endloop
  endfacet
  facet normal 0.642815 -0.766022 0
    outer loop
      vertex -69.1801 49.6149 34
      vertex -69.8037 49.0916 3
      vertex -69.1801 49.6149 3
    endloop
  endfacet
  facet normal 0.34198 -0.939707 0
    outer loop
      vertex -67.7726 50.4275 3
      vertex -67.0076 50.7059 34
      vertex -67.7726 50.4275 34
    endloop
  endfacet
  facet normal 0.34198 -0.939707 0
    outer loop
      vertex -67.0076 50.7059 34
      vertex -67.7726 50.4275 3
      vertex -67.0076 50.7059 3
    endloop
  endfacet
  facet normal 0.727384 -0.68623 0
    outer loop
      vertex -70.3623 48.4995 34
      vertex -69.8037 49.0916 3
      vertex -69.8037 49.0916 34
    endloop
  endfacet
  facet normal 0.727384 -0.68623 0
    outer loop
      vertex -69.8037 49.0916 3
      vertex -70.3623 48.4995 34
      vertex -70.3623 48.4995 3
    endloop
  endfacet
  facet normal 0.866042 0.499971 0
    outer loop
      vertex -70.8484 -47.8466 34
      vertex -71.2554 -47.1416 3
      vertex -71.2554 -47.1416 34
    endloop
  endfacet
  facet normal 0.866042 0.499971 0
    outer loop
      vertex -71.2554 -47.1416 3
      vertex -70.8484 -47.8466 34
      vertex -70.8484 -47.8466 3
    endloop
  endfacet
  facet normal -0.34198 0.939707 0
    outer loop
      vertex 67.7726 -50.4275 3
      vertex 67.0076 -50.7059 34
      vertex 67.7726 -50.4275 34
    endloop
  endfacet
  facet normal -0.34198 0.939707 0
    outer loop
      vertex 67.0076 -50.7059 34
      vertex 67.7726 -50.4275 3
      vertex 67.0076 -50.7059 3
    endloop
  endfacet
  facet normal 0.866042 -0.499971 0
    outer loop
      vertex -71.2554 47.1416 34
      vertex -70.8484 47.8466 3
      vertex -70.8484 47.8466 34
    endloop
  endfacet
  facet normal 0.866042 -0.499971 0
    outer loop
      vertex -70.8484 47.8466 3
      vertex -71.2554 47.1416 34
      vertex -71.2554 47.1416 3
    endloop
  endfacet
  facet normal 0.448785 0.89364 -0
    outer loop
      vertex -67.7726 -50.4275 3
      vertex -68.5 -50.0622 34
      vertex -67.7726 -50.4275 34
    endloop
  endfacet
  facet normal 0.448785 0.89364 0
    outer loop
      vertex -68.5 -50.0622 34
      vertex -67.7726 -50.4275 3
      vertex -68.5 -50.0622 3
    endloop
  endfacet
  facet normal -0.448785 0.89364 0
    outer loop
      vertex 68.5 -50.0622 3
      vertex 67.7726 -50.4275 34
      vertex 68.5 -50.0622 34
    endloop
  endfacet
  facet normal -0.448785 0.89364 0
    outer loop
      vertex 67.7726 -50.4275 34
      vertex 68.5 -50.0622 3
      vertex 67.7726 -50.4275 3
    endloop
  endfacet
  facet normal -0.9848 0.173694 0
    outer loop
      vertex 71.8113 -45.6143 3
      vertex 71.9527 -44.8126 34
      vertex 71.9527 -44.8126 3
    endloop
  endfacet
  facet normal -0.9848 0.173694 0
    outer loop
      vertex 71.9527 -44.8126 34
      vertex 71.8113 -45.6143 3
      vertex 71.8113 -45.6143 34
    endloop
  endfacet
  facet normal 0.918234 0.396038 0
    outer loop
      vertex -71.2554 -47.1416 34
      vertex -71.5778 -46.3941 3
      vertex -71.5778 -46.3941 34
    endloop
  endfacet
  facet normal 0.918234 0.396038 0
    outer loop
      vertex -71.5778 -46.3941 3
      vertex -71.2554 -47.1416 34
      vertex -71.2554 -47.1416 3
    endloop
  endfacet
  facet normal 0.99831 -0.0581099 0
    outer loop
      vertex -72 44 34
      vertex -71.9527 44.8126 3
      vertex -71.9527 44.8126 34
    endloop
  endfacet
  facet normal 0.99831 -0.0581099 0
    outer loop
      vertex -71.9527 44.8126 3
      vertex -72 44 34
      vertex -72 44 3
    endloop
  endfacet
  facet normal 0.9848 -0.173694 0
    outer loop
      vertex -71.9527 44.8126 34
      vertex -71.8113 45.6143 3
      vertex -71.8113 45.6143 34
    endloop
  endfacet
  facet normal 0.9848 -0.173694 0
    outer loop
      vertex -71.8113 45.6143 3
      vertex -71.9527 44.8126 34
      vertex -71.9527 44.8126 3
    endloop
  endfacet
  facet normal -0.918234 -0.396038 0
    outer loop
      vertex 71.5778 46.3941 3
      vertex 71.2554 47.1416 34
      vertex 71.2554 47.1416 3
    endloop
  endfacet
  facet normal -0.918234 -0.396038 0
    outer loop
      vertex 71.2554 47.1416 34
      vertex 71.5778 46.3941 3
      vertex 71.5778 46.3941 34
    endloop
  endfacet
  facet normal -0.642815 0.766022 0
    outer loop
      vertex 69.8037 -49.0916 3
      vertex 69.1801 -49.6149 34
      vertex 69.8037 -49.0916 34
    endloop
  endfacet
  facet normal -0.642815 0.766022 0
    outer loop
      vertex 69.1801 -49.6149 34
      vertex 69.8037 -49.0916 3
      vertex 69.1801 -49.6149 3
    endloop
  endfacet
  facet normal -0.549501 -0.835493 0
    outer loop
      vertex 68.5 50.0622 3
      vertex 69.1801 49.6149 34
      vertex 68.5 50.0622 34
    endloop
  endfacet
  facet normal -0.549501 -0.835493 -0
    outer loop
      vertex 69.1801 49.6149 34
      vertex 68.5 50.0622 3
      vertex 69.1801 49.6149 3
    endloop
  endfacet
  facet normal 0.642815 0.766022 -0
    outer loop
      vertex -69.1801 -49.6149 3
      vertex -69.8037 -49.0916 34
      vertex -69.1801 -49.6149 34
    endloop
  endfacet
  facet normal 0.642815 0.766022 0
    outer loop
      vertex -69.8037 -49.0916 34
      vertex -69.1801 -49.6149 3
      vertex -69.8037 -49.0916 3
    endloop
  endfacet
  facet normal 0.727384 0.68623 0
    outer loop
      vertex -69.8037 -49.0916 34
      vertex -70.3623 -48.4995 3
      vertex -70.3623 -48.4995 34
    endloop
  endfacet
  facet normal 0.727384 0.68623 0
    outer loop
      vertex -70.3623 -48.4995 3
      vertex -69.8037 -49.0916 34
      vertex -69.8037 -49.0916 3
    endloop
  endfacet
  facet normal 0.957975 -0.286852 0
    outer loop
      vertex -71.8113 45.6143 34
      vertex -71.5778 46.3941 3
      vertex -71.5778 46.3941 34
    endloop
  endfacet
  facet normal 0.957975 -0.286852 0
    outer loop
      vertex -71.5778 46.3941 3
      vertex -71.8113 45.6143 34
      vertex -71.8113 45.6143 3
    endloop
  endfacet
  facet normal -0.99831 0.0581099 0
    outer loop
      vertex 71.9527 -44.8126 3
      vertex 72 -44 34
      vertex 72 -44 3
    endloop
  endfacet
  facet normal -0.99831 0.0581099 0
    outer loop
      vertex 72 -44 34
      vertex 71.9527 -44.8126 3
      vertex 71.9527 -44.8126 34
    endloop
  endfacet
  facet normal -0.642815 -0.766022 0
    outer loop
      vertex 69.1801 49.6149 3
      vertex 69.8037 49.0916 34
      vertex 69.1801 49.6149 34
    endloop
  endfacet
  facet normal -0.642815 -0.766022 -0
    outer loop
      vertex 69.8037 49.0916 34
      vertex 69.1801 49.6149 3
      vertex 69.8037 49.0916 3
    endloop
  endfacet
  facet normal -0.34198 -0.939707 0
    outer loop
      vertex 67.0076 50.7059 3
      vertex 67.7726 50.4275 34
      vertex 67.0076 50.7059 34
    endloop
  endfacet
  facet normal -0.34198 -0.939707 -0
    outer loop
      vertex 67.7726 50.4275 34
      vertex 67.0076 50.7059 3
      vertex 67.7726 50.4275 3
    endloop
  endfacet
  facet normal -0.549501 0.835493 0
    outer loop
      vertex 69.1801 -49.6149 3
      vertex 68.5 -50.0622 34
      vertex 69.1801 -49.6149 34
    endloop
  endfacet
  facet normal -0.549501 0.835493 0
    outer loop
      vertex 68.5 -50.0622 34
      vertex 69.1801 -49.6149 3
      vertex 68.5 -50.0622 3
    endloop
  endfacet
  facet normal 0.802103 -0.597185 0
    outer loop
      vertex -70.8484 47.8466 34
      vertex -70.3623 48.4995 3
      vertex -70.3623 48.4995 34
    endloop
  endfacet
  facet normal 0.802103 -0.597185 0
    outer loop
      vertex -70.3623 48.4995 3
      vertex -70.8484 47.8466 34
      vertex -70.8484 47.8466 3
    endloop
  endfacet
  facet normal -0.727384 -0.68623 0
    outer loop
      vertex 70.3623 48.4995 3
      vertex 69.8037 49.0916 34
      vertex 69.8037 49.0916 3
    endloop
  endfacet
  facet normal -0.727384 -0.68623 0
    outer loop
      vertex 69.8037 49.0916 34
      vertex 70.3623 48.4995 3
      vertex 70.3623 48.4995 34
    endloop
  endfacet
  facet normal 0.918234 -0.396038 0
    outer loop
      vertex -71.5778 46.3941 34
      vertex -71.2554 47.1416 3
      vertex -71.2554 47.1416 34
    endloop
  endfacet
  facet normal 0.918234 -0.396038 0
    outer loop
      vertex -71.2554 47.1416 3
      vertex -71.5778 46.3941 34
      vertex -71.5778 46.3941 3
    endloop
  endfacet
  facet normal 0 0 -1
    outer loop
      vertex 47.1 -54 3
      vertex 64.9 -53.9831 3
      vertex 64.9 -54 3
    endloop
  endfacet
  facet normal -0 0 -1
    outer loop
      vertex 64.9 -53.9831 3
      vertex 47.1 -54 3
      vertex 47.1 -53.9831 3
    endloop
  endfacet
  facet normal 0 0 1
    outer loop
      vertex -72 -44 3
      vertex -65 -42.3 3
      vertex -71.4 -33.5 3
    endloop
  endfacet
  facet normal 0 -0 1
    outer loop
      vertex -71.9527 -44.8126 3
      vertex -65 -42.3 3
      vertex -72 -44 3
    endloop
  endfacet
  facet normal 0 0 1
    outer loop
      vertex -65 -42.3 3
      vertex -71.5778 -46.3941 3
      vertex -71.2554 -47.1416 3
    endloop
  endfacet
  facet normal 0 0 1
    outer loop
      vertex -65 -42.3 3
      vertex -71.8113 -45.6143 3
      vertex -71.5778 -46.3941 3
    endloop
  endfacet
  facet normal 0 0 1
    outer loop
      vertex -72 -44 3
      vertex -71.4 -33.5 3
      vertex -72 -33.5 3
    endloop
  endfacet
  facet normal 0 0 1
    outer loop
      vertex -65 -42.3 3
      vertex -71.9527 -44.8126 3
      vertex -71.8113 -45.6143 3
    endloop
  endfacet
  facet normal 0 0 1
    outer loop
      vertex -62 -43.7 3
      vertex -65 -43.7 3
      vertex -62 -45.3 3
    endloop
  endfacet
  facet normal 0 0 1
    outer loop
      vertex -65 42.3 3
      vertex -62 35.3 3
      vertex -62 41.7 3
    endloop
  endfacet
  facet normal 0 0 1
    outer loop
      vertex -62 35.3 3
      vertex -71.4 33.5 3
      vertex -62 -35.3 3
    endloop
  endfacet
  facet normal 0 0 1
    outer loop
      vertex -62 35.3 3
      vertex -65 42.3 3
      vertex -71.4 33.5 3
    endloop
  endfacet
  facet normal -0 0 1
    outer loop
      vertex -71.4 -33.5 3
      vertex -62 -35.3 3
      vertex -71.4 33.5 3
    endloop
  endfacet
  facet normal 0 0 1
    outer loop
      vertex -62 -35.3 3
      vertex -40 -0.7 3
      vertex -62 35.3 3
    endloop
  endfacet
  facet normal 0 0 1
    outer loop
      vertex -40 -0.7 3
      vertex -62 -35.3 3
      vertex -56 -35.3 3
    endloop
  endfacet
  facet normal 0 0 1
    outer loop
      vertex -43 43.7 3
      vertex -56 45.3 3
      vertex -56 43.7 3
    endloop
  endfacet
  facet normal 0 0 1
    outer loop
      vertex 47.1 50.9881 3
      vertex 44 31.7 3
      vertex 47.1 30.15 3
    endloop
  endfacet
  facet normal 0 0 1
    outer loop
      vertex 47.1 50.9881 3
      vertex 8 31.7 3
      vertex 44 31.7 3
    endloop
  endfacet
  facet normal -0 0 1
    outer loop
      vertex -17 36.3 3
      vertex 8 31.7 3
      vertex -17 37.7 3
    endloop
  endfacet
  facet normal 0 0 1
    outer loop
      vertex 47.1 50.9881 3
      vertex -17 37.7 3
      vertex 8 31.7 3
    endloop
  endfacet
  facet normal 0 0 1
    outer loop
      vertex 47.1 50.9881 3
      vertex -43 43.7 3
      vertex -17 37.7 3
    endloop
  endfacet
  facet normal -0 0 1
    outer loop
      vertex -65.407 50.9881 3
      vertex -43 43.7 3
      vertex 47.1 50.9881 3
    endloop
  endfacet
  facet normal 0 0 1
    outer loop
      vertex -43 43.7 3
      vertex -65.407 50.9881 3
      vertex -56 45.3 3
    endloop
  endfacet
  facet normal 0 0 1
    outer loop
      vertex -62 45.3 3
      vertex -65 43.7 3
      vertex -62 43.7 3
    endloop
  endfacet
  facet normal 0 0 1
    outer loop
      vertex -72 44 3
      vertex -65 42.3 3
      vertex -65 43.7 3
    endloop
  endfacet
  facet normal 0 0 1
    outer loop
      vertex -62 -35.3 3
      vertex -65 -42.3 3
      vertex -62 -41.7 3
    endloop
  endfacet
  facet normal -0 0 1
    outer loop
      vertex -66.2155 50.8936 3
      vertex -65 43.7 3
      vertex -65.407 50.9881 3
    endloop
  endfacet
  facet normal 0 0 1
    outer loop
      vertex -62 45.3 3
      vertex -65.407 50.9881 3
      vertex -65 43.7 3
    endloop
  endfacet
  facet normal 0 0 1
    outer loop
      vertex -56 45.3 3
      vertex -65.407 50.9881 3
      vertex -62 45.3 3
    endloop
  endfacet
  facet normal 0 0 1
    outer loop
      vertex 8 -30.3 3
      vertex 47 -10 3
      vertex 47 -0.7 3
    endloop
  endfacet
  facet normal 0 0 1
    outer loop
      vertex 47 -10 3
      vertex 8 -30.3 3
      vertex 44 -21.3 3
    endloop
  endfacet
  facet normal 0 0 1
    outer loop
      vertex 8 -30.3 3
      vertex -17 -36.3 3
      vertex 8 -31.7 3
    endloop
  endfacet
  facet normal -0 0 1
    outer loop
      vertex -40 -0.7 3
      vertex 8 -30.3 3
      vertex 47 -0.7 3
    endloop
  endfacet
  facet normal 0 0 1
    outer loop
      vertex 8 -30.3 3
      vertex -40 -0.7 3
      vertex -17 -36.3 3
    endloop
  endfacet
  facet normal 0 0 1
    outer loop
      vertex -17 -36.3 3
      vertex -40 -0.7 3
      vertex -35 -36.3 3
    endloop
  endfacet
  facet normal -0 0 1
    outer loop
      vertex -62 35.3 3
      vertex -40 0.7 3
      vertex -56 35.3 3
    endloop
  endfacet
  facet normal 0 0 1
    outer loop
      vertex -40 0.7 3
      vertex -62 35.3 3
      vertex -40 -0.7 3
    endloop
  endfacet
  facet normal 0 0 1
    outer loop
      vertex -40 -0.7 3
      vertex -56 -35.3 3
      vertex -35 -36.3 3
    endloop
  endfacet
  facet normal 0 0 1
    outer loop
      vertex -35 -36.3 3
      vertex -56 -35.3 3
      vertex -56 -40.5 3
    endloop
  endfacet
  facet normal 0 0 1
    outer loop
      vertex 62.5 24.9 3
      vertex 62.7 35.3 3
      vertex 62.5 35.3 3
    endloop
  endfacet
  facet normal 0 0 1
    outer loop
      vertex 64.9 50.9881 3
      vertex 72 44 3
      vertex 71.9527 44.8126 3
    endloop
  endfacet
  facet normal 0 0 1
    outer loop
      vertex 64.9 50.9881 3
      vertex 71.9527 44.8126 3
      vertex 71.8113 45.6143 3
    endloop
  endfacet
  facet normal 0 0 1
    outer loop
      vertex 64.9 50.9881 3
      vertex 71.8113 45.6143 3
      vertex 71.5778 46.3941 3
    endloop
  endfacet
  facet normal 0 0 1
    outer loop
      vertex 64.9 50.9881 3
      vertex 71.5778 46.3941 3
      vertex 71.2554 47.1416 3
    endloop
  endfacet
  facet normal 0 0 1
    outer loop
      vertex 64.9 50.9881 3
      vertex 71.2554 47.1416 3
      vertex 70.8484 47.8466 3
    endloop
  endfacet
  facet normal 0 0 1
    outer loop
      vertex 64.9 50.9881 3
      vertex 70.8484 47.8466 3
      vertex 70.3623 48.4995 3
    endloop
  endfacet
  facet normal 0 0 1
    outer loop
      vertex 64.9 50.9881 3
      vertex 70.3623 48.4995 3
      vertex 69.8037 49.0916 3
    endloop
  endfacet
  facet normal 0 0 1
    outer loop
      vertex 64.9 50.9881 3
      vertex 69.8037 49.0916 3
      vertex 69.1801 49.6149 3
    endloop
  endfacet
  facet normal 0 0 1
    outer loop
      vertex 64.9 50.9881 3
      vertex 69.1801 49.6149 3
      vertex 68.5 50.0622 3
    endloop
  endfacet
  facet normal 0 0 1
    outer loop
      vertex 72 44 3
      vertex 68 28.7 3
      vertex 72 28.7 3
    endloop
  endfacet
  facet normal 0 0 1
    outer loop
      vertex 64.9 23.1 3
      vertex 68 27.3 3
      vertex 68 28.7 3
    endloop
  endfacet
  facet normal 0 0 1
    outer loop
      vertex 68 27.3 3
      vertex 67 10 3
      vertex 68 -27.3 3
    endloop
  endfacet
  facet normal 0 0 1
    outer loop
      vertex 72 44 3
      vertex 64.9 50.9881 3
      vertex 68 28.7 3
    endloop
  endfacet
  facet normal 0 0 1
    outer loop
      vertex 64.9 50.9881 3
      vertex 68.5 50.0622 3
      vertex 67.7726 50.4275 3
    endloop
  endfacet
  facet normal -0 0 1
    outer loop
      vertex 68 27.3 3
      vertex 72 -27.3 3
      vertex 72 27.3 3
    endloop
  endfacet
  facet normal 0 0 1
    outer loop
      vertex 72 -27.3 3
      vertex 68 27.3 3
      vertex 68 -27.3 3
    endloop
  endfacet
  facet normal -0 0 1
    outer loop
      vertex 68 -28.7 3
      vertex 72 -44 3
      vertex 72 -28.7 3
    endloop
  endfacet
  facet normal 0 0 1
    outer loop
      vertex 64.9 -50.9881 3
      vertex 72 -44 3
      vertex 68 -28.7 3
    endloop
  endfacet
  facet normal 0 0 1
    outer loop
      vertex 72 -44 3
      vertex 64.9 -50.9881 3
      vertex 71.9527 -44.8126 3
    endloop
  endfacet
  facet normal 0 0 1
    outer loop
      vertex 71.9527 -44.8126 3
      vertex 64.9 -50.9881 3
      vertex 71.8113 -45.6143 3
    endloop
  endfacet
  facet normal 0 0 1
    outer loop
      vertex 71.8113 -45.6143 3
      vertex 64.9 -50.9881 3
      vertex 71.5778 -46.3941 3
    endloop
  endfacet
  facet normal 0 0 1
    outer loop
      vertex 71.5778 -46.3941 3
      vertex 64.9 -50.9881 3
      vertex 71.2554 -47.1416 3
    endloop
  endfacet
  facet normal 0 0 1
    outer loop
      vertex 71.2554 -47.1416 3
      vertex 64.9 -50.9881 3
      vertex 70.8484 -47.8466 3
    endloop
  endfacet
  facet normal 0 0 1
    outer loop
      vertex 70.8484 -47.8466 3
      vertex 64.9 -50.9881 3
      vertex 70.3623 -48.4995 3
    endloop
  endfacet
  facet normal 0 0 1
    outer loop
      vertex 70.3623 -48.4995 3
      vertex 64.9 -50.9881 3
      vertex 69.8037 -49.0916 3
    endloop
  endfacet
  facet normal 0 0 1
    outer loop
      vertex 69.8037 -49.0916 3
      vertex 64.9 -50.9881 3
      vertex 69.1801 -49.6149 3
    endloop
  endfacet
  facet normal 0 0 1
    outer loop
      vertex 69.1801 -49.6149 3
      vertex 64.9 -50.9881 3
      vertex 68.5 -50.0622 3
    endloop
  endfacet
  facet normal -0 0 1
    outer loop
      vertex 67 -10 3
      vertex 68 -27.3 3
      vertex 67 10 3
    endloop
  endfacet
  facet normal 0 0 1
    outer loop
      vertex 64.9 50.9881 3
      vertex 67.7726 50.4275 3
      vertex 67.0076 50.7059 3
    endloop
  endfacet
  facet normal -0 0 1
    outer loop
      vertex 64.9 -23.1 3
      vertex 68 -27.3 3
      vertex 67 -10 3
    endloop
  endfacet
  facet normal 0 0 1
    outer loop
      vertex 68 -27.3 3
      vertex 64.9 -23.1 3
      vertex 68 -28.7 3
    endloop
  endfacet
  facet normal 0 0 1
    outer loop
      vertex 64.9 50.9881 3
      vertex 67.0076 50.7059 3
      vertex 66.2155 50.8936 3
    endloop
  endfacet
  facet normal -0 0 1
    outer loop
      vertex 64.9 50.9881 3
      vertex 66.2155 50.8936 3
      vertex 65.407 50.9881 3
    endloop
  endfacet
  facet normal 0 0 1
    outer loop
      vertex 68 28.7 3
      vertex 64.9 50.9881 3
      vertex 64.9 23.1 3
    endloop
  endfacet
  facet normal 0 0 1
    outer loop
      vertex 68 27.3 3
      vertex 64.9 23.1 3
      vertex 67 10 3
    endloop
  endfacet
  facet normal 0 0 1
    outer loop
      vertex 62 21.3 3
      vertex 64.9 23.1 3
      vertex 62.7 23.1 3
    endloop
  endfacet
  facet normal 0 0 1
    outer loop
      vertex 62.7 35.3 3
      vertex 62.5 24.9 3
      vertex 62.7 23.1 3
    endloop
  endfacet
  facet normal 0 0 1
    outer loop
      vertex 62 22.7 3
      vertex 62.7 23.1 3
      vertex 62.5 24.9 3
    endloop
  endfacet
  facet normal 0 0 1
    outer loop
      vertex 62 21.3 3
      vertex 62.7 23.1 3
      vertex 62 22.7 3
    endloop
  endfacet
  facet normal 0 0 1
    outer loop
      vertex 64.9 23.1 3
      vertex 62 21.3 3
      vertex 67 10 3
    endloop
  endfacet
  facet normal 0 0 1
    outer loop
      vertex 58.4402 17.2317 3
      vertex 62 21.3 3
      vertex 58.45 17.4 3
    endloop
  endfacet
  facet normal 0 0 1
    outer loop
      vertex 58.4109 17.0656 3
      vertex 62 21.3 3
      vertex 58.4402 17.2317 3
    endloop
  endfacet
  facet normal 0 0 1
    outer loop
      vertex 62 21.3 3
      vertex 58.4109 17.0656 3
      vertex 67 10 3
    endloop
  endfacet
  facet normal -0 0 1
    outer loop
      vertex 58.3626 16.9041 3
      vertex 67 10 3
      vertex 58.4109 17.0656 3
    endloop
  endfacet
  facet normal -0 0 1
    outer loop
      vertex 58.2958 16.7492 3
      vertex 67 10 3
      vertex 58.3626 16.9041 3
    endloop
  endfacet
  facet normal -0 0 1
    outer loop
      vertex 58.2115 16.6032 3
      vertex 67 10 3
      vertex 58.2958 16.7492 3
    endloop
  endfacet
  facet normal -0 0 1
    outer loop
      vertex 58.1108 16.468 3
      vertex 67 10 3
      vertex 58.2115 16.6032 3
    endloop
  endfacet
  facet normal -0 0 1
    outer loop
      vertex 57.995 16.3453 3
      vertex 67 10 3
      vertex 58.1108 16.468 3
    endloop
  endfacet
  facet normal -0 0 1
    outer loop
      vertex 57.8659 16.2369 3
      vertex 67 10 3
      vertex 57.995 16.3453 3
    endloop
  endfacet
  facet normal -0 0 1
    outer loop
      vertex 57.725 16.1443 3
      vertex 67 10 3
      vertex 57.8659 16.2369 3
    endloop
  endfacet
  facet normal -0 0 1
    outer loop
      vertex 57.5743 16.0686 3
      vertex 67 10 3
      vertex 57.725 16.1443 3
    endloop
  endfacet
  facet normal -0 0 1
    outer loop
      vertex 57.4159 16.0109 3
      vertex 67 10 3
      vertex 57.5743 16.0686 3
    endloop
  endfacet
  facet normal -0 0 1
    outer loop
      vertex 57.2518 15.972 3
      vertex 67 10 3
      vertex 57.4159 16.0109 3
    endloop
  endfacet
  facet normal -0 0 1
    outer loop
      vertex 57.0843 15.9525 3
      vertex 67 10 3
      vertex 57.2518 15.972 3
    endloop
  endfacet
  facet normal -0 0 1
    outer loop
      vertex 56.9157 15.9525 3
      vertex 67 10 3
      vertex 57.0843 15.9525 3
    endloop
  endfacet
  facet normal 0 0 1
    outer loop
      vertex 47 10 3
      vertex 56.9157 15.9525 3
      vertex 56.7482 15.972 3
    endloop
  endfacet
  facet normal 0 0 1
    outer loop
      vertex 47 10 3
      vertex 56.7482 15.972 3
      vertex 56.5841 16.0109 3
    endloop
  endfacet
  facet normal 0 0 1
    outer loop
      vertex 47 10 3
      vertex 56.5841 16.0109 3
      vertex 56.4257 16.0686 3
    endloop
  endfacet
  facet normal 0 0 1
    outer loop
      vertex 47 10 3
      vertex 56.4257 16.0686 3
      vertex 56.275 16.1443 3
    endloop
  endfacet
  facet normal 0 0 1
    outer loop
      vertex 56.9157 15.9525 3
      vertex 47 10 3
      vertex 67 10 3
    endloop
  endfacet
  facet normal 0 0 1
    outer loop
      vertex 56.1341 16.2369 3
      vertex 47 10 3
      vertex 56.275 16.1443 3
    endloop
  endfacet
  facet normal 0 0 1
    outer loop
      vertex 56.005 16.3453 3
      vertex 47 10 3
      vertex 56.1341 16.2369 3
    endloop
  endfacet
  facet normal 0 0 1
    outer loop
      vertex 55.8892 16.468 3
      vertex 47 10 3
      vertex 56.005 16.3453 3
    endloop
  endfacet
  facet normal 0 0 1
    outer loop
      vertex 55.7885 16.6032 3
      vertex 47 10 3
      vertex 55.8892 16.468 3
    endloop
  endfacet
  facet normal 0 0 1
    outer loop
      vertex 55.7042 16.7492 3
      vertex 47 10 3
      vertex 55.7885 16.6032 3
    endloop
  endfacet
  facet normal 0 0 1
    outer loop
      vertex 55.6374 16.9041 3
      vertex 47 10 3
      vertex 55.7042 16.7492 3
    endloop
  endfacet
  facet normal 0 0 1
    outer loop
      vertex 55.5891 17.0656 3
      vertex 47 10 3
      vertex 55.6374 16.9041 3
    endloop
  endfacet
  facet normal 0 0 1
    outer loop
      vertex 55.5598 17.2317 3
      vertex 47 10 3
      vertex 55.5891 17.0656 3
    endloop
  endfacet
  facet normal 0 0 1
    outer loop
      vertex 44 21.3 3
      vertex 55.5598 17.2317 3
      vertex 55.55 17.4 3
    endloop
  endfacet
  facet normal 0 0 1
    outer loop
      vertex 64.9 -50.9881 3
      vertex 68 -28.7 3
      vertex 64.9 -23.1 3
    endloop
  endfacet
  facet normal 0 0 1
    outer loop
      vertex 68.5 -50.0622 3
      vertex 64.9 -50.9881 3
      vertex 67.7726 -50.4275 3
    endloop
  endfacet
  facet normal 0 0 1
    outer loop
      vertex 67.7726 -50.4275 3
      vertex 64.9 -50.9881 3
      vertex 67.0076 -50.7059 3
    endloop
  endfacet
  facet normal 0 0 1
    outer loop
      vertex 67.0076 -50.7059 3
      vertex 64.9 -50.9881 3
      vertex 66.2155 -50.8936 3
    endloop
  endfacet
  facet normal -0 0 1
    outer loop
      vertex 62 -21.3 3
      vertex 64.9 -23.1 3
      vertex 67 -10 3
    endloop
  endfacet
  facet normal 0 0 1
    outer loop
      vertex 62.7 -23.1 3
      vertex 62.5 -24.9 3
      vertex 62.7 -35.3 3
    endloop
  endfacet
  facet normal -0 0 1
    outer loop
      vertex 62 -22.7 3
      vertex 62.7 -23.1 3
      vertex 62 -21.3 3
    endloop
  endfacet
  facet normal 0 0 1
    outer loop
      vertex 64.9 -23.1 3
      vertex 62 -21.3 3
      vertex 62.7 -23.1 3
    endloop
  endfacet
  facet normal -0 0 1
    outer loop
      vertex 58.4109 -17.0656 3
      vertex 62 -21.3 3
      vertex 67 -10 3
    endloop
  endfacet
  facet normal 0 0 1
    outer loop
      vertex 62 -21.3 3
      vertex 58.4402 -17.2317 3
      vertex 58.45 -17.4 3
    endloop
  endfacet
  facet normal 0 0 1
    outer loop
      vertex 62 -21.3 3
      vertex 58.4109 -17.0656 3
      vertex 58.4402 -17.2317 3
    endloop
  endfacet
  facet normal 0 0 1
    outer loop
      vertex 67 -10 3
      vertex 58.3626 -16.9041 3
      vertex 58.4109 -17.0656 3
    endloop
  endfacet
  facet normal 0 0 1
    outer loop
      vertex 67 -10 3
      vertex 58.2958 -16.7492 3
      vertex 58.3626 -16.9041 3
    endloop
  endfacet
  facet normal 0 0 1
    outer loop
      vertex 67 -10 3
      vertex 58.2115 -16.6032 3
      vertex 58.2958 -16.7492 3
    endloop
  endfacet
  facet normal 0 0 1
    outer loop
      vertex 67 -10 3
      vertex 58.1108 -16.468 3
      vertex 58.2115 -16.6032 3
    endloop
  endfacet
  facet normal 0 0 1
    outer loop
      vertex 67 -10 3
      vertex 57.995 -16.3453 3
      vertex 58.1108 -16.468 3
    endloop
  endfacet
  facet normal 0 0 1
    outer loop
      vertex 67 -10 3
      vertex 57.8659 -16.2369 3
      vertex 57.995 -16.3453 3
    endloop
  endfacet
  facet normal 0 0 1
    outer loop
      vertex 67 -10 3
      vertex 57.725 -16.1443 3
      vertex 57.8659 -16.2369 3
    endloop
  endfacet
  facet normal 0 0 1
    outer loop
      vertex 67 -10 3
      vertex 57.5743 -16.0686 3
      vertex 57.725 -16.1443 3
    endloop
  endfacet
  facet normal 0 0 1
    outer loop
      vertex 67 -10 3
      vertex 57.4159 -16.0109 3
      vertex 57.5743 -16.0686 3
    endloop
  endfacet
  facet normal 0 0 1
    outer loop
      vertex 67 -10 3
      vertex 57.2518 -15.972 3
      vertex 57.4159 -16.0109 3
    endloop
  endfacet
  facet normal 0 0 1
    outer loop
      vertex 67 -10 3
      vertex 57.0843 -15.9525 3
      vertex 57.2518 -15.972 3
    endloop
  endfacet
  facet normal 0 0 1
    outer loop
      vertex 67 -10 3
      vertex 56.9157 -15.9525 3
      vertex 57.0843 -15.9525 3
    endloop
  endfacet
  facet normal -0 0 1
    outer loop
      vertex 47 -10 3
      vertex 56.9157 -15.9525 3
      vertex 67 -10 3
    endloop
  endfacet
  facet normal 0 0 1
    outer loop
      vertex 56.9157 -15.9525 3
      vertex 47 -10 3
      vertex 56.7482 -15.972 3
    endloop
  endfacet
  facet normal 0 0 1
    outer loop
      vertex 56.7482 -15.972 3
      vertex 47 -10 3
      vertex 56.5841 -16.0109 3
    endloop
  endfacet
  facet normal 0 0 1
    outer loop
      vertex 56.5841 -16.0109 3
      vertex 47 -10 3
      vertex 56.4257 -16.0686 3
    endloop
  endfacet
  facet normal 0 0 1
    outer loop
      vertex 44 -21.3 3
      vertex 55.5598 -17.2317 3
      vertex 47 -10 3
    endloop
  endfacet
  facet normal 0 0 1
    outer loop
      vertex 55.5891 -17.0656 3
      vertex 47 -10 3
      vertex 55.5598 -17.2317 3
    endloop
  endfacet
  facet normal 0 0 1
    outer loop
      vertex 55.6374 -16.9041 3
      vertex 47 -10 3
      vertex 55.5891 -17.0656 3
    endloop
  endfacet
  facet normal 0 0 1
    outer loop
      vertex 55.7042 -16.7492 3
      vertex 47 -10 3
      vertex 55.6374 -16.9041 3
    endloop
  endfacet
  facet normal 0 0 1
    outer loop
      vertex 55.7885 -16.6032 3
      vertex 47 -10 3
      vertex 55.7042 -16.7492 3
    endloop
  endfacet
  facet normal 0 0 1
    outer loop
      vertex 55.8892 -16.468 3
      vertex 47 -10 3
      vertex 55.7885 -16.6032 3
    endloop
  endfacet
  facet normal 0 0 1
    outer loop
      vertex 56.005 -16.3453 3
      vertex 47 -10 3
      vertex 55.8892 -16.468 3
    endloop
  endfacet
  facet normal 0 0 1
    outer loop
      vertex 56.1341 -16.2369 3
      vertex 47 -10 3
      vertex 56.005 -16.3453 3
    endloop
  endfacet
  facet normal 0 0 1
    outer loop
      vertex 56.275 -16.1443 3
      vertex 47 -10 3
      vertex 56.1341 -16.2369 3
    endloop
  endfacet
  facet normal 0 0 1
    outer loop
      vertex 56.4257 -16.0686 3
      vertex 47 -10 3
      vertex 56.275 -16.1443 3
    endloop
  endfacet
  facet normal 0 0 1
    outer loop
      vertex 66.2155 -50.8936 3
      vertex 64.9 -50.9881 3
      vertex 65.407 -50.9881 3
    endloop
  endfacet
  facet normal -0 0 1
    outer loop
      vertex 44 -31.7 3
      vertex 47.1 -50.9881 3
      vertex 47.1 -30.15 3
    endloop
  endfacet
  facet normal -0 0 1
    outer loop
      vertex 8 -31.7 3
      vertex 47.1 -50.9881 3
      vertex 44 -31.7 3
    endloop
  endfacet
  facet normal 0 0 1
    outer loop
      vertex -17 -37.7 3
      vertex 8 -31.7 3
      vertex -17 -36.3 3
    endloop
  endfacet
  facet normal 0 0 1
    outer loop
      vertex 8 -31.7 3
      vertex -17 -37.7 3
      vertex 47.1 -50.9881 3
    endloop
  endfacet
  facet normal -0 0 1
    outer loop
      vertex -43 -43.7 3
      vertex 47.1 -50.9881 3
      vertex -17 -37.7 3
    endloop
  endfacet
  facet normal 0 0 1
    outer loop
      vertex -56 -45.3 3
      vertex -43 -43.7 3
      vertex -56 -43.7 3
    endloop
  endfacet
  facet normal 0 0 1
    outer loop
      vertex -65.407 -50.9881 3
      vertex -43 -43.7 3
      vertex -56 -45.3 3
    endloop
  endfacet
  facet normal 0 0 1
    outer loop
      vertex -65.407 -50.9881 3
      vertex -56 -45.3 3
      vertex -62 -45.3 3
    endloop
  endfacet
  facet normal 0 0 1
    outer loop
      vertex -43 -43.7 3
      vertex -65.407 -50.9881 3
      vertex 47.1 -50.9881 3
    endloop
  endfacet
  facet normal 0 0 1
    outer loop
      vertex -65 -43.7 3
      vertex -65.407 -50.9881 3
      vertex -62 -45.3 3
    endloop
  endfacet
  facet normal 0 0 1
    outer loop
      vertex -71.4 -33.5 3
      vertex -65 -42.3 3
      vertex -62 -35.3 3
    endloop
  endfacet
  facet normal -0 0 1
    outer loop
      vertex -67.0076 50.7059 3
      vertex -65 43.7 3
      vertex -66.2155 50.8936 3
    endloop
  endfacet
  facet normal 0 0 1
    outer loop
      vertex -65 -42.3 3
      vertex -71.2554 -47.1416 3
      vertex -65 -43.7 3
    endloop
  endfacet
  facet normal -0 0 1
    outer loop
      vertex -67.7726 50.4275 3
      vertex -65 43.7 3
      vertex -67.0076 50.7059 3
    endloop
  endfacet
  facet normal 0 -0 1
    outer loop
      vertex -70.8484 -47.8466 3
      vertex -65 -43.7 3
      vertex -71.2554 -47.1416 3
    endloop
  endfacet
  facet normal -0 0 1
    outer loop
      vertex -68.5 50.0622 3
      vertex -65 43.7 3
      vertex -67.7726 50.4275 3
    endloop
  endfacet
  facet normal 0 0 1
    outer loop
      vertex -65 -43.7 3
      vertex -66.2155 -50.8936 3
      vertex -65.407 -50.9881 3
    endloop
  endfacet
  facet normal -0 0 1
    outer loop
      vertex -69.1801 49.6149 3
      vertex -65 43.7 3
      vertex -68.5 50.0622 3
    endloop
  endfacet
  facet normal 0 0 1
    outer loop
      vertex -65 -43.7 3
      vertex -67.0076 -50.7059 3
      vertex -66.2155 -50.8936 3
    endloop
  endfacet
  facet normal -0 0 1
    outer loop
      vertex -69.8037 49.0916 3
      vertex -65 43.7 3
      vertex -69.1801 49.6149 3
    endloop
  endfacet
  facet normal 0 0 1
    outer loop
      vertex -65 -43.7 3
      vertex -67.7726 -50.4275 3
      vertex -67.0076 -50.7059 3
    endloop
  endfacet
  facet normal -0 0 1
    outer loop
      vertex -70.3623 48.4995 3
      vertex -65 43.7 3
      vertex -69.8037 49.0916 3
    endloop
  endfacet
  facet normal 0 0 1
    outer loop
      vertex -65 -43.7 3
      vertex -68.5 -50.0622 3
      vertex -67.7726 -50.4275 3
    endloop
  endfacet
  facet normal -0 0 1
    outer loop
      vertex -70.8484 47.8466 3
      vertex -65 43.7 3
      vertex -70.3623 48.4995 3
    endloop
  endfacet
  facet normal 0 0 1
    outer loop
      vertex -65 -43.7 3
      vertex -69.1801 -49.6149 3
      vertex -68.5 -50.0622 3
    endloop
  endfacet
  facet normal -0 0 1
    outer loop
      vertex -71.2554 47.1416 3
      vertex -65 43.7 3
      vertex -70.8484 47.8466 3
    endloop
  endfacet
  facet normal 0 0 1
    outer loop
      vertex -65 -43.7 3
      vertex -69.8037 -49.0916 3
      vertex -69.1801 -49.6149 3
    endloop
  endfacet
  facet normal -0 0 1
    outer loop
      vertex -71.5778 46.3941 3
      vertex -65 43.7 3
      vertex -71.2554 47.1416 3
    endloop
  endfacet
  facet normal 0 0 1
    outer loop
      vertex -65 -43.7 3
      vertex -70.3623 -48.4995 3
      vertex -69.8037 -49.0916 3
    endloop
  endfacet
  facet normal 0 0 1
    outer loop
      vertex -65 -43.7 3
      vertex -70.8484 -47.8466 3
      vertex -70.3623 -48.4995 3
    endloop
  endfacet
  facet normal -0 0 1
    outer loop
      vertex -71.8113 45.6143 3
      vertex -65 43.7 3
      vertex -71.5778 46.3941 3
    endloop
  endfacet
  facet normal -0 0 1
    outer loop
      vertex -71.9527 44.8126 3
      vertex -65 43.7 3
      vertex -71.8113 45.6143 3
    endloop
  endfacet
  facet normal 0 0 1
    outer loop
      vertex -65 43.7 3
      vertex -71.9527 44.8126 3
      vertex -72 44 3
    endloop
  endfacet
  facet normal 0 0 1
    outer loop
      vertex -65 42.3 3
      vertex -72 44 3
      vertex -71.4 33.5 3
    endloop
  endfacet
  facet normal 0 0 1
    outer loop
      vertex -71.4 33.5 3
      vertex -72 44 3
      vertex -72 33.5 3
    endloop
  endfacet
  facet normal 0 0 1
    outer loop
      vertex 62 21.3 3
      vertex 58.4402 17.5683 3
      vertex 58.45 17.4 3
    endloop
  endfacet
  facet normal 0 0 1
    outer loop
      vertex 62 21.3 3
      vertex 58.4109 17.7344 3
      vertex 58.4402 17.5683 3
    endloop
  endfacet
  facet normal 0 0 1
    outer loop
      vertex 62 21.3 3
      vertex 58.3626 17.8959 3
      vertex 58.4109 17.7344 3
    endloop
  endfacet
  facet normal 0 0 1
    outer loop
      vertex 62 21.3 3
      vertex 58.2958 18.0508 3
      vertex 58.3626 17.8959 3
    endloop
  endfacet
  facet normal 0 0 1
    outer loop
      vertex 62 21.3 3
      vertex 58.2115 18.1968 3
      vertex 58.2958 18.0508 3
    endloop
  endfacet
  facet normal 0 0 1
    outer loop
      vertex 62 21.3 3
      vertex 58.1108 18.332 3
      vertex 58.2115 18.1968 3
    endloop
  endfacet
  facet normal 0 0 1
    outer loop
      vertex 62 21.3 3
      vertex 57.995 18.4547 3
      vertex 58.1108 18.332 3
    endloop
  endfacet
  facet normal 0 0 1
    outer loop
      vertex 62 21.3 3
      vertex 57.8659 18.5631 3
      vertex 57.995 18.4547 3
    endloop
  endfacet
  facet normal 0 0 1
    outer loop
      vertex 62 21.3 3
      vertex 57.725 18.6557 3
      vertex 57.8659 18.5631 3
    endloop
  endfacet
  facet normal 0 0 1
    outer loop
      vertex 62 21.3 3
      vertex 57.5743 18.7314 3
      vertex 57.725 18.6557 3
    endloop
  endfacet
  facet normal 0 0 1
    outer loop
      vertex 62 21.3 3
      vertex 57.4159 18.7891 3
      vertex 57.5743 18.7314 3
    endloop
  endfacet
  facet normal 0 0 1
    outer loop
      vertex 62 21.3 3
      vertex 57.2518 18.828 3
      vertex 57.4159 18.7891 3
    endloop
  endfacet
  facet normal 0 0 1
    outer loop
      vertex 62 21.3 3
      vertex 57.0843 18.8475 3
      vertex 57.2518 18.828 3
    endloop
  endfacet
  facet normal 0 0 1
    outer loop
      vertex 62 21.3 3
      vertex 56.9157 18.8475 3
      vertex 57.0843 18.8475 3
    endloop
  endfacet
  facet normal 0 0 1
    outer loop
      vertex 62 21.3 3
      vertex 56.7482 18.828 3
      vertex 56.9157 18.8475 3
    endloop
  endfacet
  facet normal 0 0 1
    outer loop
      vertex 62 21.3 3
      vertex 56.5841 18.7891 3
      vertex 56.7482 18.828 3
    endloop
  endfacet
  facet normal -0 0 1
    outer loop
      vertex 44 21.3 3
      vertex 56.5841 18.7891 3
      vertex 62 21.3 3
    endloop
  endfacet
  facet normal 0 0 1
    outer loop
      vertex 44 21.3 3
      vertex 55.55 17.4 3
      vertex 55.5598 17.5683 3
    endloop
  endfacet
  facet normal 0 0 1
    outer loop
      vertex 44 21.3 3
      vertex 55.5598 17.5683 3
      vertex 55.5891 17.7344 3
    endloop
  endfacet
  facet normal 0 0 1
    outer loop
      vertex 44 21.3 3
      vertex 55.5891 17.7344 3
      vertex 55.6374 17.8959 3
    endloop
  endfacet
  facet normal 0 0 1
    outer loop
      vertex 44 21.3 3
      vertex 55.6374 17.8959 3
      vertex 55.7042 18.0508 3
    endloop
  endfacet
  facet normal 0 0 1
    outer loop
      vertex 44 21.3 3
      vertex 55.7042 18.0508 3
      vertex 55.7885 18.1968 3
    endloop
  endfacet
  facet normal 0 0 1
    outer loop
      vertex 44 21.3 3
      vertex 55.7885 18.1968 3
      vertex 55.8892 18.332 3
    endloop
  endfacet
  facet normal 0 0 1
    outer loop
      vertex 44 21.3 3
      vertex 55.8892 18.332 3
      vertex 56.005 18.4547 3
    endloop
  endfacet
  facet normal 0 0 1
    outer loop
      vertex 56.5841 18.7891 3
      vertex 44 21.3 3
      vertex 56.4257 18.7314 3
    endloop
  endfacet
  facet normal 0 0 1
    outer loop
      vertex 44 21.3 3
      vertex 56.275 18.6557 3
      vertex 56.4257 18.7314 3
    endloop
  endfacet
  facet normal 0 0 1
    outer loop
      vertex 44 21.3 3
      vertex 56.1341 18.5631 3
      vertex 56.275 18.6557 3
    endloop
  endfacet
  facet normal 0 0 1
    outer loop
      vertex 44 21.3 3
      vertex 56.005 18.4547 3
      vertex 56.1341 18.5631 3
    endloop
  endfacet
  facet normal 0 0 1
    outer loop
      vertex 55.5598 17.2317 3
      vertex 44 21.3 3
      vertex 47 10 3
    endloop
  endfacet
  facet normal 0 0 1
    outer loop
      vertex 8 30.3 3
      vertex 47 10 3
      vertex 44 21.3 3
    endloop
  endfacet
  facet normal 0 0 1
    outer loop
      vertex 47 10 3
      vertex 8 30.3 3
      vertex 47 0.7 3
    endloop
  endfacet
  facet normal 0 0 1
    outer loop
      vertex 8 31.7 3
      vertex -17 36.3 3
      vertex 8 30.3 3
    endloop
  endfacet
  facet normal 0 0 1
    outer loop
      vertex -40 0.7 3
      vertex 8 30.3 3
      vertex -17 36.3 3
    endloop
  endfacet
  facet normal 0 0 1
    outer loop
      vertex -40 0.7 3
      vertex -17 36.3 3
      vertex -35 36.3 3
    endloop
  endfacet
  facet normal 0 0 1
    outer loop
      vertex 8 30.3 3
      vertex -40 0.7 3
      vertex 47 0.7 3
    endloop
  endfacet
  facet normal 0 0 1
    outer loop
      vertex -35 36.3 3
      vertex -56 35.3 3
      vertex -40 0.7 3
    endloop
  endfacet
  facet normal 0 0 1
    outer loop
      vertex -56 35.3 3
      vertex -35 36.3 3
      vertex -56 40.5 3
    endloop
  endfacet
  facet normal 0 0 1
    outer loop
      vertex 62.5 24.9 3
      vertex 57.6 24.9 3
      vertex 62 22.7 3
    endloop
  endfacet
  facet normal 0 0 1
    outer loop
      vertex 62.7 -35.3 3
      vertex 62.5 -24.9 3
      vertex 62.5 -35.3 3
    endloop
  endfacet
  facet normal 0 0 1
    outer loop
      vertex 62.7 -23.1 3
      vertex 62 -22.7 3
      vertex 62.5 -24.9 3
    endloop
  endfacet
  facet normal 0 0 1
    outer loop
      vertex 62.5 -24.9 3
      vertex 62 -22.7 3
      vertex 57.6 -24.9 3
    endloop
  endfacet
  facet normal -0 0 1
    outer loop
      vertex 58.4402 -17.5683 3
      vertex 62 -21.3 3
      vertex 58.45 -17.4 3
    endloop
  endfacet
  facet normal -0 0 1
    outer loop
      vertex 58.4109 -17.7344 3
      vertex 62 -21.3 3
      vertex 58.4402 -17.5683 3
    endloop
  endfacet
  facet normal -0 0 1
    outer loop
      vertex 58.3626 -17.8959 3
      vertex 62 -21.3 3
      vertex 58.4109 -17.7344 3
    endloop
  endfacet
  facet normal -0 0 1
    outer loop
      vertex 58.2958 -18.0508 3
      vertex 62 -21.3 3
      vertex 58.3626 -17.8959 3
    endloop
  endfacet
  facet normal -0 0 1
    outer loop
      vertex 58.2115 -18.1968 3
      vertex 62 -21.3 3
      vertex 58.2958 -18.0508 3
    endloop
  endfacet
  facet normal -0 0 1
    outer loop
      vertex 58.1108 -18.332 3
      vertex 62 -21.3 3
      vertex 58.2115 -18.1968 3
    endloop
  endfacet
  facet normal -0 0 1
    outer loop
      vertex 57.995 -18.4547 3
      vertex 62 -21.3 3
      vertex 58.1108 -18.332 3
    endloop
  endfacet
  facet normal -0 0 1
    outer loop
      vertex 57.8659 -18.5631 3
      vertex 62 -21.3 3
      vertex 57.995 -18.4547 3
    endloop
  endfacet
  facet normal -0 0 1
    outer loop
      vertex 57.725 -18.6557 3
      vertex 62 -21.3 3
      vertex 57.8659 -18.5631 3
    endloop
  endfacet
  facet normal -0 0 1
    outer loop
      vertex 57.5743 -18.7314 3
      vertex 62 -21.3 3
      vertex 57.725 -18.6557 3
    endloop
  endfacet
  facet normal -0 0 1
    outer loop
      vertex 57.4159 -18.7891 3
      vertex 62 -21.3 3
      vertex 57.5743 -18.7314 3
    endloop
  endfacet
  facet normal -0 0 1
    outer loop
      vertex 57.2518 -18.828 3
      vertex 62 -21.3 3
      vertex 57.4159 -18.7891 3
    endloop
  endfacet
  facet normal -0 0 1
    outer loop
      vertex 57.0843 -18.8475 3
      vertex 62 -21.3 3
      vertex 57.2518 -18.828 3
    endloop
  endfacet
  facet normal -0 0 1
    outer loop
      vertex 56.9157 -18.8475 3
      vertex 62 -21.3 3
      vertex 57.0843 -18.8475 3
    endloop
  endfacet
  facet normal 0 0 1
    outer loop
      vertex 56.7482 -18.828 3
      vertex 62 -21.3 3
      vertex 56.9157 -18.8475 3
    endloop
  endfacet
  facet normal 0 0 1
    outer loop
      vertex 56.5841 -18.7891 3
      vertex 62 -21.3 3
      vertex 56.7482 -18.828 3
    endloop
  endfacet
  facet normal 0 0 1
    outer loop
      vertex 44 -21.3 3
      vertex 56.5841 -18.7891 3
      vertex 56.4257 -18.7314 3
    endloop
  endfacet
  facet normal 0 0 1
    outer loop
      vertex 55.5598 -17.2317 3
      vertex 44 -21.3 3
      vertex 55.55 -17.4 3
    endloop
  endfacet
  facet normal 0 0 1
    outer loop
      vertex 55.55 -17.4 3
      vertex 44 -21.3 3
      vertex 55.5598 -17.5683 3
    endloop
  endfacet
  facet normal 0 0 1
    outer loop
      vertex 55.5598 -17.5683 3
      vertex 44 -21.3 3
      vertex 55.5891 -17.7344 3
    endloop
  endfacet
  facet normal 0 0 1
    outer loop
      vertex 55.5891 -17.7344 3
      vertex 44 -21.3 3
      vertex 55.6374 -17.8959 3
    endloop
  endfacet
  facet normal 0 0 1
    outer loop
      vertex 55.6374 -17.8959 3
      vertex 44 -21.3 3
      vertex 55.7042 -18.0508 3
    endloop
  endfacet
  facet normal 0 0 1
    outer loop
      vertex 55.7042 -18.0508 3
      vertex 44 -21.3 3
      vertex 55.7885 -18.1968 3
    endloop
  endfacet
  facet normal 0 0 1
    outer loop
      vertex 55.7885 -18.1968 3
      vertex 44 -21.3 3
      vertex 55.8892 -18.332 3
    endloop
  endfacet
  facet normal 0 0 1
    outer loop
      vertex 56.5841 -18.7891 3
      vertex 44 -21.3 3
      vertex 62 -21.3 3
    endloop
  endfacet
  facet normal 0 0 1
    outer loop
      vertex 56.275 -18.6557 3
      vertex 44 -21.3 3
      vertex 56.4257 -18.7314 3
    endloop
  endfacet
  facet normal 0 0 1
    outer loop
      vertex 56.1341 -18.5631 3
      vertex 44 -21.3 3
      vertex 56.275 -18.6557 3
    endloop
  endfacet
  facet normal 0 0 1
    outer loop
      vertex 56.005 -18.4547 3
      vertex 44 -21.3 3
      vertex 56.1341 -18.5631 3
    endloop
  endfacet
  facet normal 0 0 1
    outer loop
      vertex 55.8892 -18.332 3
      vertex 44 -21.3 3
      vertex 56.005 -18.4547 3
    endloop
  endfacet
  facet normal 0 0 -1
    outer loop
      vertex 47.1 53.9831 3
      vertex 64.9 54 3
      vertex 64.9 53.9831 3
    endloop
  endfacet
  facet normal -0 0 -1
    outer loop
      vertex 64.9 54 3
      vertex 47.1 53.9831 3
      vertex 47.1 54 3
    endloop
  endfacet
  facet normal 0 0 -1
    outer loop
      vertex 47 -0.7 3
      vertex 58 0.7 3
      vertex 58 -0.7 3
    endloop
  endfacet
  facet normal -0 0 -1
    outer loop
      vertex 58 0.7 3
      vertex 47 -0.7 3
      vertex 47 0.7 3
    endloop
  endfacet
  facet normal 0 0 -1
    outer loop
      vertex 59 -36.7 3
      vertex 62.5 -35.3 3
      vertex 62.5 -36.7 3
    endloop
  endfacet
  facet normal -0 0 -1
    outer loop
      vertex 62.5 -35.3 3
      vertex 59 -36.7 3
      vertex 59 -35.3 3
    endloop
  endfacet
  facet normal 0 0 -1
    outer loop
      vertex 59 35.3 3
      vertex 62.5 36.7 3
      vertex 62.5 35.3 3
    endloop
  endfacet
  facet normal -0 0 -1
    outer loop
      vertex 62.5 36.7 3
      vertex 59 35.3 3
      vertex 59 36.7 3
    endloop
  endfacet
  facet normal -0 0 1
    outer loop
      vertex 49.3 -29.05 3
      vertex 49.5 -50.9881 3
      vertex 49.5 -28.95 3
    endloop
  endfacet
  facet normal 0 0 1
    outer loop
      vertex 49.5 -50.9881 3
      vertex 49.3 -29.05 3
      vertex 49.3 -50.9881 3
    endloop
  endfacet
  facet normal 0 0 1
    outer loop
      vertex 49.3 29.05 3
      vertex 49.5 50.9881 3
      vertex 49.3 50.9881 3
    endloop
  endfacet
  facet normal 0 0 1
    outer loop
      vertex 49.5 50.9881 3
      vertex 49.3 29.05 3
      vertex 49.5 28.95 3
    endloop
  endfacet
  facet normal -0 0 1
    outer loop
      vertex 62.5 -36.7 3
      vertex 62.7 -50.9881 3
      vertex 62.7 -36.7 3
    endloop
  endfacet
  facet normal 0 0 1
    outer loop
      vertex 62.7 -50.9881 3
      vertex 62.5 -36.7 3
      vertex 62.5 -50.9881 3
    endloop
  endfacet
  facet normal -0 0 1
    outer loop
      vertex 62.5 50.9881 3
      vertex 62.7 36.7 3
      vertex 62.7 50.9881 3
    endloop
  endfacet
  facet normal 0 0 1
    outer loop
      vertex 62.7 36.7 3
      vertex 62.5 50.9881 3
      vertex 62.5 36.7 3
    endloop
  endfacet
  facet normal -0 0 -1
    outer loop
      vertex 57.6 -24.9 3
      vertex 49.5 -28.95 3
      vertex 49.5 -24.9 3
    endloop
  endfacet
  facet normal 0 0 -1
    outer loop
      vertex 57.6 24.9 3
      vertex 49.5 24.9 3
      vertex 49.5 28.95 3
    endloop
  endfacet
  facet normal 0 0 -1
    outer loop
      vertex 49.5 -52.2 3
      vertex 62.5 -51.8 3
      vertex 62.5 -52.2 3
    endloop
  endfacet
  facet normal -0 0 -1
    outer loop
      vertex 62.5 -51.8 3
      vertex 49.5 -52.2 3
      vertex 49.5 -51.8 3
    endloop
  endfacet
  facet normal 0 0 -1
    outer loop
      vertex 49.5 51.8 3
      vertex 62.5 52.2 3
      vertex 62.5 51.8 3
    endloop
  endfacet
  facet normal -0 0 -1
    outer loop
      vertex 62.5 52.2 3
      vertex 49.5 51.8 3
      vertex 49.5 52.2 3
    endloop
  endfacet
  facet normal -0.116093 -0.993238 0
    outer loop
      vertex 65.407 50.9881 3
      vertex 66.2155 50.8936 34
      vertex 65.407 50.9881 34
    endloop
  endfacet
  facet normal -0.116093 -0.993238 -0
    outer loop
      vertex 66.2155 50.8936 34
      vertex 65.407 50.9881 3
      vertex 66.2155 50.8936 3
    endloop
  endfacet
  facet normal -0.23058 0.973053 0
    outer loop
      vertex 67.0076 -50.7059 3
      vertex 66.2155 -50.8936 34
      vertex 67.0076 -50.7059 34
    endloop
  endfacet
  facet normal -0.23058 0.973053 0
    outer loop
      vertex 66.2155 -50.8936 34
      vertex 67.0076 -50.7059 3
      vertex 66.2155 -50.8936 3
    endloop
  endfacet
  facet normal -0.918234 0.396038 0
    outer loop
      vertex 71.2554 -47.1416 3
      vertex 71.5778 -46.3941 34
      vertex 71.5778 -46.3941 3
    endloop
  endfacet
  facet normal -0.918234 0.396038 0
    outer loop
      vertex 71.5778 -46.3941 34
      vertex 71.2554 -47.1416 3
      vertex 71.2554 -47.1416 34
    endloop
  endfacet
  facet normal -0.448785 -0.89364 0
    outer loop
      vertex 67.7726 50.4275 3
      vertex 68.5 50.0622 34
      vertex 67.7726 50.4275 34
    endloop
  endfacet
  facet normal -0.448785 -0.89364 -0
    outer loop
      vertex 68.5 50.0622 34
      vertex 67.7726 50.4275 3
      vertex 68.5 50.0622 3
    endloop
  endfacet
  facet normal 0.34198 0.939707 -0
    outer loop
      vertex -67.0076 -50.7059 3
      vertex -67.7726 -50.4275 34
      vertex -67.0076 -50.7059 34
    endloop
  endfacet
  facet normal 0.34198 0.939707 0
    outer loop
      vertex -67.7726 -50.4275 34
      vertex -67.0076 -50.7059 3
      vertex -67.7726 -50.4275 3
    endloop
  endfacet
  facet normal 0.23058 0.973053 -0
    outer loop
      vertex -66.2155 -50.8936 3
      vertex -67.0076 -50.7059 34
      vertex -66.2155 -50.8936 34
    endloop
  endfacet
  facet normal 0.23058 0.973053 0
    outer loop
      vertex -67.0076 -50.7059 34
      vertex -66.2155 -50.8936 3
      vertex -67.0076 -50.7059 3
    endloop
  endfacet
  facet normal 0.116093 0.993238 -0
    outer loop
      vertex -65.407 -50.9881 3
      vertex -66.2155 -50.8936 34
      vertex -65.407 -50.9881 34
    endloop
  endfacet
  facet normal 0.116093 0.993238 0
    outer loop
      vertex -66.2155 -50.8936 34
      vertex -65.407 -50.9881 3
      vertex -66.2155 -50.8936 3
    endloop
  endfacet
  facet normal -0.802103 0.597185 0
    outer loop
      vertex 70.3623 -48.4995 3
      vertex 70.8484 -47.8466 34
      vertex 70.8484 -47.8466 3
    endloop
  endfacet
  facet normal -0.802103 0.597185 0
    outer loop
      vertex 70.8484 -47.8466 34
      vertex 70.3623 -48.4995 3
      vertex 70.3623 -48.4995 34
    endloop
  endfacet
  facet normal -1 0 0
    outer loop
      vertex -71.4 -33.5 2.1
      vertex -71.4 33.5 3
      vertex -71.4 33.5 2.1
    endloop
  endfacet
  facet normal -1 -0 0
    outer loop
      vertex -71.4 33.5 3
      vertex -71.4 -33.5 2.1
      vertex -71.4 -33.5 3
    endloop
  endfacet
  facet normal -0 0 1
    outer loop
      vertex -75 33.5 2.1
      vertex -71.4 -33.5 2.1
      vertex -71.4 33.5 2.1
    endloop
  endfacet
  facet normal 0 0 1
    outer loop
      vertex -71.4 -33.5 2.1
      vertex -75 33.5 2.1
      vertex -75 -33.5 2.1
    endloop
  endfacet
  facet normal 0 -1 0
    outer loop
      vertex -75 33.5 34
      vertex -72 33.5 3
      vertex -72 33.5 34
    endloop
  endfacet
  facet normal 0 -1 0
    outer loop
      vertex -75 33.5 2.1
      vertex -72 33.5 3
      vertex -75 33.5 34
    endloop
  endfacet
  facet normal 0 -1 0
    outer loop
      vertex -71.4 33.5 2.1
      vertex -72 33.5 3
      vertex -75 33.5 2.1
    endloop
  endfacet
  facet normal 0 -1 0
    outer loop
      vertex -72 33.5 3
      vertex -71.4 33.5 2.1
      vertex -71.4 33.5 3
    endloop
  endfacet
  facet normal 0 1 0
    outer loop
      vertex -71.4 -33.5 3
      vertex -71.4 -33.5 2.1
      vertex -72 -33.5 3
    endloop
  endfacet
  facet normal 0 1 -0
    outer loop
      vertex -72 -33.5 3
      vertex -75 -33.5 34
      vertex -72 -33.5 34
    endloop
  endfacet
  facet normal 0 1 0
    outer loop
      vertex -72 -33.5 3
      vertex -75 -33.5 2.1
      vertex -75 -33.5 34
    endloop
  endfacet
  facet normal 0 1 0
    outer loop
      vertex -75 -33.5 2.1
      vertex -72 -33.5 3
      vertex -71.4 -33.5 2.1
    endloop
  endfacet
  facet normal -0 0 1
    outer loop
      vertex 72 13.2 33.5
      vertex 75 -13.2 33.5
      vertex 75 13.2 33.5
    endloop
  endfacet
  facet normal 0 0 1
    outer loop
      vertex 75 -13.2 33.5
      vertex 72 13.2 33.5
      vertex 72 -13.2 33.5
    endloop
  endfacet
  facet normal 0 -1 0
    outer loop
      vertex 72 13.2 34.2
      vertex 75 13.2 58
      vertex 72 13.2 58
    endloop
  endfacet
  facet normal 0 -1 0
    outer loop
      vertex 75 13.2 33.5
      vertex 72 13.2 34.2
      vertex 72 13.2 33.5
    endloop
  endfacet
  facet normal 0 -1 0
    outer loop
      vertex 72 13.2 34.2
      vertex 75 13.2 33.5
      vertex 75 13.2 58
    endloop
  endfacet
  facet normal 0 1 0
    outer loop
      vertex 75 -13.2 58
      vertex 72 -13.2 34.2
      vertex 72 -13.2 58
    endloop
  endfacet
  facet normal 0 1 -0
    outer loop
      vertex 75 -13.2 33.5
      vertex 72 -13.2 34.2
      vertex 75 -13.2 58
    endloop
  endfacet
  facet normal 0 1 0
    outer loop
      vertex 72 -13.2 34.2
      vertex 75 -13.2 33.5
      vertex 72 -13.2 33.5
    endloop
  endfacet
  facet normal -1 0 0
    outer loop
      vertex 67 -10 0
      vertex 67 10 3
      vertex 67 10 0
    endloop
  endfacet
  facet normal -1 -0 0
    outer loop
      vertex 67 10 3
      vertex 67 -10 0
      vertex 67 -10 3
    endloop
  endfacet
  facet normal 1 -0 0
    outer loop
      vertex 47 0.7 3
      vertex 47 10 0
      vertex 47 10 3
    endloop
  endfacet
  facet normal 1 -0 0
    outer loop
      vertex 47 -0.7 3
      vertex 47 10 0
      vertex 47 0.7 3
    endloop
  endfacet
  facet normal 1 0 0
    outer loop
      vertex 47 -10 0
      vertex 47 -0.7 3
      vertex 47 -10 3
    endloop
  endfacet
  facet normal 1 0 0
    outer loop
      vertex 47 -0.7 3
      vertex 47 -10 0
      vertex 47 10 0
    endloop
  endfacet
  facet normal 0 -1 0
    outer loop
      vertex 47 10 0
      vertex 67 10 3
      vertex 47 10 3
    endloop
  endfacet
  facet normal 0 -1 -0
    outer loop
      vertex 67 10 3
      vertex 47 10 0
      vertex 67 10 0
    endloop
  endfacet
  facet normal 0 1 -0
    outer loop
      vertex 67 -10 0
      vertex 47 -10 3
      vertex 67 -10 3
    endloop
  endfacet
  facet normal 0 1 0
    outer loop
      vertex 47 -10 3
      vertex 67 -10 0
      vertex 47 -10 0
    endloop
  endfacet
  facet normal 1 -0 0
    outer loop
      vertex -39.5 -54 29
      vertex -39.5 -53.9831 7
      vertex -39.5 -53.9831 29
    endloop
  endfacet
  facet normal 1 0 0
    outer loop
      vertex -39.5 -53.9831 7
      vertex -39.5 -54 29
      vertex -39.5 -54 7
    endloop
  endfacet
  facet normal -0 0 1
    outer loop
      vertex -44.5 -53.9831 29
      vertex -39.5 -54 29
      vertex -39.5 -53.9831 29
    endloop
  endfacet
  facet normal 0 0 1
    outer loop
      vertex -39.5 -54 29
      vertex -44.5 -53.9831 29
      vertex -44.5 -54 29
    endloop
  endfacet
  facet normal 0 0 -1
    outer loop
      vertex -44.5 -54 7
      vertex -39.5 -53.9831 7
      vertex -39.5 -54 7
    endloop
  endfacet
  facet normal -0 0 -1
    outer loop
      vertex -39.5 -53.9831 7
      vertex -44.5 -54 7
      vertex -44.5 -53.9831 7
    endloop
  endfacet
  facet normal -1 0 0
    outer loop
      vertex -44.5 -54 7
      vertex -44.5 -53.9831 29
      vertex -44.5 -53.9831 7
    endloop
  endfacet
  facet normal -1 -0 0
    outer loop
      vertex -44.5 -53.9831 29
      vertex -44.5 -54 7
      vertex -44.5 -54 29
    endloop
  endfacet
  facet normal 0 -1 0
    outer loop
      vertex -44.5 -54 7
      vertex -39.5 -54 29
      vertex -44.5 -54 29
    endloop
  endfacet
  facet normal 0 -1 -0
    outer loop
      vertex -39.5 -54 29
      vertex -44.5 -54 7
      vertex -39.5 -54 7
    endloop
  endfacet
  facet normal 1 -0 0
    outer loop
      vertex -11.5 -54 29
      vertex -11.5 -53.9831 7
      vertex -11.5 -53.9831 29
    endloop
  endfacet
  facet normal 1 0 0
    outer loop
      vertex -11.5 -53.9831 7
      vertex -11.5 -54 29
      vertex -11.5 -54 7
    endloop
  endfacet
  facet normal -0 0 1
    outer loop
      vertex -16.5 -53.9831 29
      vertex -11.5 -54 29
      vertex -11.5 -53.9831 29
    endloop
  endfacet
  facet normal 0 0 1
    outer loop
      vertex -11.5 -54 29
      vertex -16.5 -53.9831 29
      vertex -16.5 -54 29
    endloop
  endfacet
  facet normal 0 0 -1
    outer loop
      vertex -16.5 -54 7
      vertex -11.5 -53.9831 7
      vertex -11.5 -54 7
    endloop
  endfacet
  facet normal -0 0 -1
    outer loop
      vertex -11.5 -53.9831 7
      vertex -16.5 -54 7
      vertex -16.5 -53.9831 7
    endloop
  endfacet
  facet normal -1 0 0
    outer loop
      vertex -16.5 -54 7
      vertex -16.5 -53.9831 29
      vertex -16.5 -53.9831 7
    endloop
  endfacet
  facet normal -1 -0 0
    outer loop
      vertex -16.5 -53.9831 29
      vertex -16.5 -54 7
      vertex -16.5 -54 29
    endloop
  endfacet
  facet normal 0 -1 0
    outer loop
      vertex -16.5 -54 7
      vertex -11.5 -54 29
      vertex -16.5 -54 29
    endloop
  endfacet
  facet normal 0 -1 -0
    outer loop
      vertex -11.5 -54 29
      vertex -16.5 -54 7
      vertex -11.5 -54 7
    endloop
  endfacet
  facet normal 1 -0 0
    outer loop
      vertex 20.5 -54 29
      vertex 20.5 -53.9831 7
      vertex 20.5 -53.9831 29
    endloop
  endfacet
  facet normal 1 0 0
    outer loop
      vertex 20.5 -53.9831 7
      vertex 20.5 -54 29
      vertex 20.5 -54 7
    endloop
  endfacet
  facet normal -0 0 1
    outer loop
      vertex 15.5 -53.9831 29
      vertex 20.5 -54 29
      vertex 20.5 -53.9831 29
    endloop
  endfacet
  facet normal 0 0 1
    outer loop
      vertex 20.5 -54 29
      vertex 15.5 -53.9831 29
      vertex 15.5 -54 29
    endloop
  endfacet
  facet normal 0 0 -1
    outer loop
      vertex 15.5 -54 7
      vertex 20.5 -53.9831 7
      vertex 20.5 -54 7
    endloop
  endfacet
  facet normal -0 0 -1
    outer loop
      vertex 20.5 -53.9831 7
      vertex 15.5 -54 7
      vertex 15.5 -53.9831 7
    endloop
  endfacet
  facet normal -1 0 0
    outer loop
      vertex 15.5 -54 7
      vertex 15.5 -53.9831 29
      vertex 15.5 -53.9831 7
    endloop
  endfacet
  facet normal -1 -0 0
    outer loop
      vertex 15.5 -53.9831 29
      vertex 15.5 -54 7
      vertex 15.5 -54 29
    endloop
  endfacet
  facet normal 0 -1 0
    outer loop
      vertex 15.5 -54 7
      vertex 20.5 -54 29
      vertex 15.5 -54 29
    endloop
  endfacet
  facet normal 0 -1 -0
    outer loop
      vertex 20.5 -54 29
      vertex 15.5 -54 7
      vertex 20.5 -54 7
    endloop
  endfacet
  facet normal 1 -0 0
    outer loop
      vertex 50.5 -54 29
      vertex 50.5 -53.9831 17.2
      vertex 50.5 -53.9831 29
    endloop
  endfacet
  facet normal 1 0 0
    outer loop
      vertex 50.5 -53.9831 17.2
      vertex 50.5 -54 29
      vertex 50.5 -54 17.2
    endloop
  endfacet
  facet normal -0 0 1
    outer loop
      vertex 45.5 -53.9831 29
      vertex 50.5 -54 29
      vertex 50.5 -53.9831 29
    endloop
  endfacet
  facet normal 0 0 1
    outer loop
      vertex 50.5 -54 29
      vertex 45.5 -53.9831 29
      vertex 45.5 -54 29
    endloop
  endfacet
  facet normal 0 0 -1
    outer loop
      vertex 45.5 -54 7
      vertex 47.1 -53.9831 7
      vertex 47.1 -54 7
    endloop
  endfacet
  facet normal -0 0 -1
    outer loop
      vertex 47.1 -53.9831 7
      vertex 45.5 -54 7
      vertex 45.5 -53.9831 7
    endloop
  endfacet
  facet normal -1 0 0
    outer loop
      vertex 45.5 -54 7
      vertex 45.5 -53.9831 29
      vertex 45.5 -53.9831 7
    endloop
  endfacet
  facet normal -1 -0 0
    outer loop
      vertex 45.5 -53.9831 29
      vertex 45.5 -54 7
      vertex 45.5 -54 29
    endloop
  endfacet
  facet normal 0 -1 0
    outer loop
      vertex 45.5 -54 29
      vertex 50.5 -54 17.2
      vertex 50.5 -54 29
    endloop
  endfacet
  facet normal 0 -1 0
    outer loop
      vertex 45.5 -54 7
      vertex 50.5 -54 17.2
      vertex 45.5 -54 29
    endloop
  endfacet
  facet normal 0 -1 0
    outer loop
      vertex 47.1 -54 7
      vertex 50.5 -54 17.2
      vertex 45.5 -54 7
    endloop
  endfacet
  facet normal 0 -1 0
    outer loop
      vertex 64.9 -54 3
      vertex 50.5 -54 17.2
      vertex 47.1 -54 7
    endloop
  endfacet
  facet normal 0 -1 0
    outer loop
      vertex 64.9 -54 3
      vertex 47.1 -54 7
      vertex 47.1 -54 3
    endloop
  endfacet
  facet normal 0 -1 0
    outer loop
      vertex 50.5 -54 17.2
      vertex 64.9 -54 3
      vertex 64.9 -54 17.2
    endloop
  endfacet
  facet normal 1 -0 0
    outer loop
      vertex -39.5 53.9831 29
      vertex -39.5 54 7
      vertex -39.5 54 29
    endloop
  endfacet
  facet normal 1 0 0
    outer loop
      vertex -39.5 54 7
      vertex -39.5 53.9831 29
      vertex -39.5 53.9831 7
    endloop
  endfacet
  facet normal -0 0 1
    outer loop
      vertex -44.5 54 29
      vertex -39.5 53.9831 29
      vertex -39.5 54 29
    endloop
  endfacet
  facet normal 0 0 1
    outer loop
      vertex -39.5 53.9831 29
      vertex -44.5 54 29
      vertex -44.5 53.9831 29
    endloop
  endfacet
  facet normal 0 0 -1
    outer loop
      vertex -44.5 53.9831 7
      vertex -39.5 54 7
      vertex -39.5 53.9831 7
    endloop
  endfacet
  facet normal -0 0 -1
    outer loop
      vertex -39.5 54 7
      vertex -44.5 53.9831 7
      vertex -44.5 54 7
    endloop
  endfacet
  facet normal -1 0 0
    outer loop
      vertex -44.5 53.9831 7
      vertex -44.5 54 29
      vertex -44.5 54 7
    endloop
  endfacet
  facet normal -1 -0 0
    outer loop
      vertex -44.5 54 29
      vertex -44.5 53.9831 7
      vertex -44.5 53.9831 29
    endloop
  endfacet
  facet normal 0 1 -0
    outer loop
      vertex -39.5 54 7
      vertex -44.5 54 29
      vertex -39.5 54 29
    endloop
  endfacet
  facet normal 0 1 0
    outer loop
      vertex -44.5 54 29
      vertex -39.5 54 7
      vertex -44.5 54 7
    endloop
  endfacet
  facet normal 1 -0 0
    outer loop
      vertex -11.5 53.9831 29
      vertex -11.5 54 7
      vertex -11.5 54 29
    endloop
  endfacet
  facet normal 1 0 0
    outer loop
      vertex -11.5 54 7
      vertex -11.5 53.9831 29
      vertex -11.5 53.9831 7
    endloop
  endfacet
  facet normal -0 0 1
    outer loop
      vertex -16.5 54 29
      vertex -11.5 53.9831 29
      vertex -11.5 54 29
    endloop
  endfacet
  facet normal 0 0 1
    outer loop
      vertex -11.5 53.9831 29
      vertex -16.5 54 29
      vertex -16.5 53.9831 29
    endloop
  endfacet
  facet normal 0 0 -1
    outer loop
      vertex -16.5 53.9831 7
      vertex -11.5 54 7
      vertex -11.5 53.9831 7
    endloop
  endfacet
  facet normal -0 0 -1
    outer loop
      vertex -11.5 54 7
      vertex -16.5 53.9831 7
      vertex -16.5 54 7
    endloop
  endfacet
  facet normal -1 0 0
    outer loop
      vertex -16.5 53.9831 7
      vertex -16.5 54 29
      vertex -16.5 54 7
    endloop
  endfacet
  facet normal -1 -0 0
    outer loop
      vertex -16.5 54 29
      vertex -16.5 53.9831 7
      vertex -16.5 53.9831 29
    endloop
  endfacet
  facet normal 0 1 -0
    outer loop
      vertex -11.5 54 7
      vertex -16.5 54 29
      vertex -11.5 54 29
    endloop
  endfacet
  facet normal 0 1 0
    outer loop
      vertex -16.5 54 29
      vertex -11.5 54 7
      vertex -16.5 54 7
    endloop
  endfacet
  facet normal 1 -0 0
    outer loop
      vertex 20.5 53.9831 29
      vertex 20.5 54 7
      vertex 20.5 54 29
    endloop
  endfacet
  facet normal 1 0 0
    outer loop
      vertex 20.5 54 7
      vertex 20.5 53.9831 29
      vertex 20.5 53.9831 7
    endloop
  endfacet
  facet normal -0 0 1
    outer loop
      vertex 15.5 54 29
      vertex 20.5 53.9831 29
      vertex 20.5 54 29
    endloop
  endfacet
  facet normal 0 0 1
    outer loop
      vertex 20.5 53.9831 29
      vertex 15.5 54 29
      vertex 15.5 53.9831 29
    endloop
  endfacet
  facet normal 0 0 -1
    outer loop
      vertex 15.5 53.9831 7
      vertex 20.5 54 7
      vertex 20.5 53.9831 7
    endloop
  endfacet
  facet normal -0 0 -1
    outer loop
      vertex 20.5 54 7
      vertex 15.5 53.9831 7
      vertex 15.5 54 7
    endloop
  endfacet
  facet normal -1 0 0
    outer loop
      vertex 15.5 53.9831 7
      vertex 15.5 54 29
      vertex 15.5 54 7
    endloop
  endfacet
  facet normal -1 -0 0
    outer loop
      vertex 15.5 54 29
      vertex 15.5 53.9831 7
      vertex 15.5 53.9831 29
    endloop
  endfacet
  facet normal 0 1 -0
    outer loop
      vertex 20.5 54 7
      vertex 15.5 54 29
      vertex 20.5 54 29
    endloop
  endfacet
  facet normal 0 1 0
    outer loop
      vertex 15.5 54 29
      vertex 20.5 54 7
      vertex 15.5 54 7
    endloop
  endfacet
  facet normal 1 -0 0
    outer loop
      vertex 50.5 53.9831 29
      vertex 50.5 54 17.2
      vertex 50.5 54 29
    endloop
  endfacet
  facet normal 1 0 0
    outer loop
      vertex 50.5 54 17.2
      vertex 50.5 53.9831 29
      vertex 50.5 53.9831 17.2
    endloop
  endfacet
  facet normal -0 0 1
    outer loop
      vertex 45.5 54 29
      vertex 50.5 53.9831 29
      vertex 50.5 54 29
    endloop
  endfacet
  facet normal 0 0 1
    outer loop
      vertex 50.5 53.9831 29
      vertex 45.5 54 29
      vertex 45.5 53.9831 29
    endloop
  endfacet
  facet normal 0 0 -1
    outer loop
      vertex 45.5 53.9831 7
      vertex 47.1 54 7
      vertex 47.1 53.9831 7
    endloop
  endfacet
  facet normal -0 0 -1
    outer loop
      vertex 47.1 54 7
      vertex 45.5 53.9831 7
      vertex 45.5 54 7
    endloop
  endfacet
  facet normal -1 0 0
    outer loop
      vertex 45.5 53.9831 7
      vertex 45.5 54 29
      vertex 45.5 54 7
    endloop
  endfacet
  facet normal -1 -0 0
    outer loop
      vertex 45.5 54 29
      vertex 45.5 53.9831 7
      vertex 45.5 53.9831 29
    endloop
  endfacet
  facet normal 0 1 -0
    outer loop
      vertex 64.9 54 3
      vertex 50.5 54 17.2
      vertex 64.9 54 17.2
    endloop
  endfacet
  facet normal 0 1 0
    outer loop
      vertex 50.5 54 17.2
      vertex 64.9 54 3
      vertex 47.1 54 7
    endloop
  endfacet
  facet normal 0 1 0
    outer loop
      vertex 47.1 54 7
      vertex 64.9 54 3
      vertex 47.1 54 3
    endloop
  endfacet
  facet normal 0 1 -0
    outer loop
      vertex 50.5 54 17.2
      vertex 45.5 54 29
      vertex 50.5 54 29
    endloop
  endfacet
  facet normal 0 1 0
    outer loop
      vertex 45.5 54 7
      vertex 50.5 54 17.2
      vertex 47.1 54 7
    endloop
  endfacet
  facet normal 0 1 0
    outer loop
      vertex 50.5 54 17.2
      vertex 45.5 54 7
      vertex 45.5 54 29
    endloop
  endfacet
  facet normal 1 -0 0
    outer loop
      vertex 62 -22.7 4.2
      vertex 62 -21.3 3
      vertex 62 -21.3 4.2
    endloop
  endfacet
  facet normal 1 0 0
    outer loop
      vertex 62 -21.3 3
      vertex 62 -22.7 4.2
      vertex 62 -22.7 3
    endloop
  endfacet
  facet normal 0 0 1
    outer loop
      vertex 62 -21.3 4.2
      vertex 49.3 -23.1 4.2
      vertex 62 -22.7 4.2
    endloop
  endfacet
  facet normal -0 0 1
    outer loop
      vertex 44 -21.3 4.2
      vertex 49.3 -23.1 4.2
      vertex 62 -21.3 4.2
    endloop
  endfacet
  facet normal 0 0 1
    outer loop
      vertex 49.3 -23.1 4.2
      vertex 44 -21.3 4.2
      vertex 47.1 -23.1 4.2
    endloop
  endfacet
  facet normal 0 0 1
    outer loop
      vertex 44 -31.7 4.2
      vertex 47.1 -23.1 4.2
      vertex 44 -21.3 4.2
    endloop
  endfacet
  facet normal 0 0 1
    outer loop
      vertex 47.1 -23.1 4.2
      vertex 44 -31.7 4.2
      vertex 47.1 -30.15 4.2
    endloop
  endfacet
  facet normal -0 0 1
    outer loop
      vertex 8 -30.3 4.2
      vertex 44 -31.7 4.2
      vertex 44 -21.3 4.2
    endloop
  endfacet
  facet normal 0 0 1
    outer loop
      vertex 44 -31.7 4.2
      vertex 8 -30.3 4.2
      vertex 8 -31.7 4.2
    endloop
  endfacet
  facet normal 0 0 1
    outer loop
      vertex 62 -22.7 4.2
      vertex 49.3 -23.1 4.2
      vertex 49.3 -29.05 4.2
    endloop
  endfacet
  facet normal 0 -1 0
    outer loop
      vertex 8 -31.7 3
      vertex 44 -31.7 4.2
      vertex 8 -31.7 4.2
    endloop
  endfacet
  facet normal 0 -1 -0
    outer loop
      vertex 44 -31.7 4.2
      vertex 8 -31.7 3
      vertex 44 -31.7 3
    endloop
  endfacet
  facet normal 0.447214 -0.894427 0
    outer loop
      vertex 49.5 -28.95 3
      vertex 49.3 -29.05 4.2
      vertex 49.3 -29.05 3
    endloop
  endfacet
  facet normal 0.447214 -0.894427 0
    outer loop
      vertex 57.6 -24.9 3
      vertex 49.3 -29.05 4.2
      vertex 49.5 -28.95 3
    endloop
  endfacet
  facet normal 0.447214 -0.894427 0
    outer loop
      vertex 49.3 -29.05 4.2
      vertex 57.6 -24.9 3
      vertex 62 -22.7 4.2
    endloop
  endfacet
  facet normal 0.447214 -0.894427 0
    outer loop
      vertex 62 -22.7 4.2
      vertex 57.6 -24.9 3
      vertex 62 -22.7 3
    endloop
  endfacet
  facet normal 0.447214 -0.894427 0
    outer loop
      vertex 44 -31.7 3
      vertex 47.1 -30.15 4.2
      vertex 44 -31.7 4.2
    endloop
  endfacet
  facet normal 0.447214 -0.894427 0
    outer loop
      vertex 47.1 -30.15 4.2
      vertex 44 -31.7 3
      vertex 47.1 -30.15 3
    endloop
  endfacet
  facet normal -0.242536 0.970143 0
    outer loop
      vertex 44 -21.3 3
      vertex 8 -30.3 4.2
      vertex 44 -21.3 4.2
    endloop
  endfacet
  facet normal -0.242536 0.970143 0
    outer loop
      vertex 8 -30.3 4.2
      vertex 44 -21.3 3
      vertex 8 -30.3 3
    endloop
  endfacet
  facet normal 0 1 -0
    outer loop
      vertex 62 -21.3 3
      vertex 44 -21.3 4.2
      vertex 62 -21.3 4.2
    endloop
  endfacet
  facet normal 0 1 0
    outer loop
      vertex 44 -21.3 4.2
      vertex 62 -21.3 3
      vertex 44 -21.3 3
    endloop
  endfacet
  facet normal -1 0 0
    outer loop
      vertex 8 -31.7 3
      vertex 8 -30.3 4.2
      vertex 8 -30.3 3
    endloop
  endfacet
  facet normal -1 -0 0
    outer loop
      vertex 8 -30.3 4.2
      vertex 8 -31.7 3
      vertex 8 -31.7 4.2
    endloop
  endfacet
  facet normal 1 -0 0
    outer loop
      vertex -17 -37.7 4.2
      vertex -17 -36.3 3
      vertex -17 -36.3 4.2
    endloop
  endfacet
  facet normal 1 0 0
    outer loop
      vertex -17 -36.3 3
      vertex -17 -37.7 4.2
      vertex -17 -37.7 3
    endloop
  endfacet
  facet normal 0 1 -0
    outer loop
      vertex -17 -36.3 3
      vertex -35 -36.3 4.2
      vertex -17 -36.3 4.2
    endloop
  endfacet
  facet normal 0 1 0
    outer loop
      vertex -35 -36.3 4.2
      vertex -17 -36.3 3
      vertex -35 -36.3 3
    endloop
  endfacet
  facet normal 0 -1 0
    outer loop
      vertex -65 -43.7 3
      vertex -62 -43.7 4.2
      vertex -65 -43.7 4.2
    endloop
  endfacet
  facet normal 0 -1 -0
    outer loop
      vertex -62 -43.7 4.2
      vertex -65 -43.7 3
      vertex -62 -43.7 3
    endloop
  endfacet
  facet normal 0 -1 0
    outer loop
      vertex -56 -43.7 3
      vertex -43 -43.7 4.2
      vertex -56 -43.7 4.2
    endloop
  endfacet
  facet normal 0 -1 -0
    outer loop
      vertex -43 -43.7 4.2
      vertex -56 -43.7 3
      vertex -43 -43.7 3
    endloop
  endfacet
  facet normal 0.22486 -0.974391 0
    outer loop
      vertex -43 -43.7 3
      vertex -17 -37.7 4.2
      vertex -43 -43.7 4.2
    endloop
  endfacet
  facet normal 0.22486 -0.974391 0
    outer loop
      vertex -17 -37.7 4.2
      vertex -43 -43.7 3
      vertex -17 -37.7 3
    endloop
  endfacet
  facet normal -0.196116 0.980581 0
    outer loop
      vertex -35 -36.3 3
      vertex -56 -40.5 4.2
      vertex -35 -36.3 4.2
    endloop
  endfacet
  facet normal -0.196116 0.980581 0
    outer loop
      vertex -56 -40.5 4.2
      vertex -35 -36.3 3
      vertex -56 -40.5 3
    endloop
  endfacet
  facet normal -0.196116 0.980581 0
    outer loop
      vertex -62 -41.7 3
      vertex -65 -42.3 4.2
      vertex -62 -41.7 4.2
    endloop
  endfacet
  facet normal -0.196116 0.980581 0
    outer loop
      vertex -65 -42.3 4.2
      vertex -62 -41.7 3
      vertex -65 -42.3 3
    endloop
  endfacet
  facet normal -1 0 0
    outer loop
      vertex -65 -43.7 3
      vertex -65 -42.3 4.2
      vertex -65 -42.3 3
    endloop
  endfacet
  facet normal -1 -0 0
    outer loop
      vertex -65 -42.3 4.2
      vertex -65 -43.7 3
      vertex -65 -43.7 4.2
    endloop
  endfacet
  facet normal -0 0 1
    outer loop
      vertex -35 -36.3 4.2
      vertex -17 -37.7 4.2
      vertex -17 -36.3 4.2
    endloop
  endfacet
  facet normal 0 0 1
    outer loop
      vertex -35 -36.3 4.2
      vertex -43 -43.7 4.2
      vertex -17 -37.7 4.2
    endloop
  endfacet
  facet normal -0 0 1
    outer loop
      vertex -56 -40.5 4.2
      vertex -43 -43.7 4.2
      vertex -35 -36.3 4.2
    endloop
  endfacet
  facet normal 0 0 1
    outer loop
      vertex -43 -43.7 4.2
      vertex -56 -40.5 4.2
      vertex -56 -43.7 4.2
    endloop
  endfacet
  facet normal -0 0 1
    outer loop
      vertex -65 -42.3 4.2
      vertex -62 -43.7 4.2
      vertex -62 -41.7 4.2
    endloop
  endfacet
  facet normal 0 0 1
    outer loop
      vertex -62 -43.7 4.2
      vertex -65 -42.3 4.2
      vertex -65 -43.7 4.2
    endloop
  endfacet
  facet normal 1 -0 0
    outer loop
      vertex 62 21.3 4.2
      vertex 62 22.7 3
      vertex 62 22.7 4.2
    endloop
  endfacet
  facet normal 1 0 0
    outer loop
      vertex 62 22.7 3
      vertex 62 21.3 4.2
      vertex 62 21.3 3
    endloop
  endfacet
  facet normal 0.447214 0.894427 0
    outer loop
      vertex 57.6 24.9 3
      vertex 62 22.7 4.2
      vertex 62 22.7 3
    endloop
  endfacet
  facet normal 0.447214 0.894427 0
    outer loop
      vertex 62 22.7 4.2
      vertex 57.6 24.9 3
      vertex 49.3 29.05 4.2
    endloop
  endfacet
  facet normal 0.447214 0.894427 0
    outer loop
      vertex 49.5 28.95 3
      vertex 49.3 29.05 4.2
      vertex 57.6 24.9 3
    endloop
  endfacet
  facet normal 0.447214 0.894427 0
    outer loop
      vertex 49.3 29.05 4.2
      vertex 49.5 28.95 3
      vertex 49.3 29.05 3
    endloop
  endfacet
  facet normal 0.447214 0.894427 -0
    outer loop
      vertex 47.1 30.15 3
      vertex 44 31.7 4.2
      vertex 47.1 30.15 4.2
    endloop
  endfacet
  facet normal 0.447214 0.894427 0
    outer loop
      vertex 44 31.7 4.2
      vertex 47.1 30.15 3
      vertex 44 31.7 3
    endloop
  endfacet
  facet normal -0.242536 -0.970143 0
    outer loop
      vertex 8 30.3 3
      vertex 44 21.3 4.2
      vertex 8 30.3 4.2
    endloop
  endfacet
  facet normal -0.242536 -0.970143 -0
    outer loop
      vertex 44 21.3 4.2
      vertex 8 30.3 3
      vertex 44 21.3 3
    endloop
  endfacet
  facet normal 0 -1 0
    outer loop
      vertex 44 21.3 3
      vertex 62 21.3 4.2
      vertex 44 21.3 4.2
    endloop
  endfacet
  facet normal 0 -1 -0
    outer loop
      vertex 62 21.3 4.2
      vertex 44 21.3 3
      vertex 62 21.3 3
    endloop
  endfacet
  facet normal 0 1 -0
    outer loop
      vertex 44 31.7 3
      vertex 8 31.7 4.2
      vertex 44 31.7 4.2
    endloop
  endfacet
  facet normal 0 1 0
    outer loop
      vertex 8 31.7 4.2
      vertex 44 31.7 3
      vertex 8 31.7 3
    endloop
  endfacet
  facet normal -1 0 0
    outer loop
      vertex 8 30.3 3
      vertex 8 31.7 4.2
      vertex 8 31.7 3
    endloop
  endfacet
  facet normal -1 -0 0
    outer loop
      vertex 8 31.7 4.2
      vertex 8 30.3 3
      vertex 8 30.3 4.2
    endloop
  endfacet
  facet normal 0 0 1
    outer loop
      vertex 47.1 30.15 4.2
      vertex 44 31.7 4.2
      vertex 47.1 23.1 4.2
    endloop
  endfacet
  facet normal -0 0 1
    outer loop
      vertex 49.3 23.1 4.2
      vertex 62 22.7 4.2
      vertex 49.3 29.05 4.2
    endloop
  endfacet
  facet normal 0 0 1
    outer loop
      vertex 62 22.7 4.2
      vertex 49.3 23.1 4.2
      vertex 62 21.3 4.2
    endloop
  endfacet
  facet normal 0 0 1
    outer loop
      vertex 44 21.3 4.2
      vertex 49.3 23.1 4.2
      vertex 47.1 23.1 4.2
    endloop
  endfacet
  facet normal 0 0 1
    outer loop
      vertex 49.3 23.1 4.2
      vertex 44 21.3 4.2
      vertex 62 21.3 4.2
    endloop
  endfacet
  facet normal 0 0 1
    outer loop
      vertex 44 31.7 4.2
      vertex 44 21.3 4.2
      vertex 47.1 23.1 4.2
    endloop
  endfacet
  facet normal 0 0 1
    outer loop
      vertex 8 30.3 4.2
      vertex 44 31.7 4.2
      vertex 8 31.7 4.2
    endloop
  endfacet
  facet normal 0 0 1
    outer loop
      vertex 44 31.7 4.2
      vertex 8 30.3 4.2
      vertex 44 21.3 4.2
    endloop
  endfacet
  facet normal 1 -0 0
    outer loop
      vertex -17 36.3 4.2
      vertex -17 37.7 3
      vertex -17 37.7 4.2
    endloop
  endfacet
  facet normal 1 0 0
    outer loop
      vertex -17 37.7 3
      vertex -17 36.3 4.2
      vertex -17 36.3 3
    endloop
  endfacet
  facet normal 0.22486 0.974391 -0
    outer loop
      vertex -17 37.7 3
      vertex -43 43.7 4.2
      vertex -17 37.7 4.2
    endloop
  endfacet
  facet normal 0.22486 0.974391 0
    outer loop
      vertex -43 43.7 4.2
      vertex -17 37.7 3
      vertex -43 43.7 3
    endloop
  endfacet
  facet normal -0.196116 -0.980581 0
    outer loop
      vertex -65 42.3 3
      vertex -62 41.7 4.2
      vertex -65 42.3 4.2
    endloop
  endfacet
  facet normal -0.196116 -0.980581 -0
    outer loop
      vertex -62 41.7 4.2
      vertex -65 42.3 3
      vertex -62 41.7 3
    endloop
  endfacet
  facet normal -0.196116 -0.980581 0
    outer loop
      vertex -56 40.5 3
      vertex -35 36.3 4.2
      vertex -56 40.5 4.2
    endloop
  endfacet
  facet normal -0.196116 -0.980581 -0
    outer loop
      vertex -35 36.3 4.2
      vertex -56 40.5 3
      vertex -35 36.3 3
    endloop
  endfacet
  facet normal 0 -1 0
    outer loop
      vertex -35 36.3 3
      vertex -17 36.3 4.2
      vertex -35 36.3 4.2
    endloop
  endfacet
  facet normal 0 -1 -0
    outer loop
      vertex -17 36.3 4.2
      vertex -35 36.3 3
      vertex -17 36.3 3
    endloop
  endfacet
  facet normal 0 1 -0
    outer loop
      vertex -43 43.7 3
      vertex -56 43.7 4.2
      vertex -43 43.7 4.2
    endloop
  endfacet
  facet normal 0 1 0
    outer loop
      vertex -56 43.7 4.2
      vertex -43 43.7 3
      vertex -56 43.7 3
    endloop
  endfacet
  facet normal 0 1 -0
    outer loop
      vertex -62 43.7 3
      vertex -65 43.7 4.2
      vertex -62 43.7 4.2
    endloop
  endfacet
  facet normal 0 1 0
    outer loop
      vertex -65 43.7 4.2
      vertex -62 43.7 3
      vertex -65 43.7 3
    endloop
  endfacet
  facet normal -1 0 0
    outer loop
      vertex -65 42.3 3
      vertex -65 43.7 4.2
      vertex -65 43.7 3
    endloop
  endfacet
  facet normal -1 -0 0
    outer loop
      vertex -65 43.7 4.2
      vertex -65 42.3 3
      vertex -65 42.3 4.2
    endloop
  endfacet
  facet normal 0 0 1
    outer loop
      vertex -17 37.7 4.2
      vertex -35 36.3 4.2
      vertex -17 36.3 4.2
    endloop
  endfacet
  facet normal 0 0 1
    outer loop
      vertex -43 43.7 4.2
      vertex -35 36.3 4.2
      vertex -17 37.7 4.2
    endloop
  endfacet
  facet normal 0 0 1
    outer loop
      vertex -56 40.5 4.2
      vertex -43 43.7 4.2
      vertex -56 43.7 4.2
    endloop
  endfacet
  facet normal 0 0 1
    outer loop
      vertex -43 43.7 4.2
      vertex -56 40.5 4.2
      vertex -35 36.3 4.2
    endloop
  endfacet
  facet normal 0 0 1
    outer loop
      vertex -65 42.3 4.2
      vertex -62 43.7 4.2
      vertex -65 43.7 4.2
    endloop
  endfacet
  facet normal 0 0 1
    outer loop
      vertex -62 43.7 4.2
      vertex -65 42.3 4.2
      vertex -62 41.7 4.2
    endloop
  endfacet
  facet normal -0 0 1
    outer loop
      vertex 68 -27.3 27
      vertex 72 -28.7 27
      vertex 72 -27.3 27
    endloop
  endfacet
  facet normal 0 0 1
    outer loop
      vertex 72 -28.7 27
      vertex 68 -27.3 27
      vertex 68 -28.7 27
    endloop
  endfacet
  facet normal -1 0 0
    outer loop
      vertex 68 -28.7 3
      vertex 68 -27.3 27
      vertex 68 -27.3 3
    endloop
  endfacet
  facet normal -1 -0 0
    outer loop
      vertex 68 -27.3 27
      vertex 68 -28.7 3
      vertex 68 -28.7 27
    endloop
  endfacet
  facet normal 0 1 -0
    outer loop
      vertex 72 -27.3 3
      vertex 68 -27.3 27
      vertex 72 -27.3 27
    endloop
  endfacet
  facet normal 0 1 0
    outer loop
      vertex 68 -27.3 27
      vertex 72 -27.3 3
      vertex 68 -27.3 3
    endloop
  endfacet
  facet normal 0 -1 0
    outer loop
      vertex 68 -28.7 3
      vertex 72 -28.7 27
      vertex 68 -28.7 27
    endloop
  endfacet
  facet normal 0 -1 -0
    outer loop
      vertex 72 -28.7 27
      vertex 68 -28.7 3
      vertex 72 -28.7 3
    endloop
  endfacet
  facet normal 1 -0 0
    outer loop
      vertex 63 -36.7 19
      vertex 63 -35.3 17.2
      vertex 63 -35.3 19
    endloop
  endfacet
  facet normal 1 0 0
    outer loop
      vertex 63 -35.3 17.2
      vertex 63 -36.7 19
      vertex 63 -36.7 17.2
    endloop
  endfacet
  facet normal -0 0 1
    outer loop
      vertex 59 -35.3 19
      vertex 63 -36.7 19
      vertex 63 -35.3 19
    endloop
  endfacet
  facet normal 0 0 1
    outer loop
      vertex 63 -36.7 19
      vertex 59 -35.3 19
      vertex 59 -36.7 19
    endloop
  endfacet
  facet normal -1 0 0
    outer loop
      vertex 59 -36.7 3
      vertex 59 -35.3 19
      vertex 59 -35.3 3
    endloop
  endfacet
  facet normal -1 -0 0
    outer loop
      vertex 59 -35.3 19
      vertex 59 -36.7 3
      vertex 59 -36.7 19
    endloop
  endfacet
  facet normal 0 1 0
    outer loop
      vertex 62.7 -35.3 17.2
      vertex 63 -35.3 19
      vertex 63 -35.3 17.2
    endloop
  endfacet
  facet normal 0 1 0
    outer loop
      vertex 63 -35.3 19
      vertex 62.7 -35.3 17.2
      vertex 59 -35.3 19
    endloop
  endfacet
  facet normal 0 1 0
    outer loop
      vertex 62.5 -35.3 3
      vertex 62.7 -35.3 17.2
      vertex 62.7 -35.3 3
    endloop
  endfacet
  facet normal 0 1 0
    outer loop
      vertex 59 -35.3 3
      vertex 62.7 -35.3 17.2
      vertex 62.5 -35.3 3
    endloop
  endfacet
  facet normal 0 1 0
    outer loop
      vertex 62.7 -35.3 17.2
      vertex 59 -35.3 3
      vertex 59 -35.3 19
    endloop
  endfacet
  facet normal 0 -1 0
    outer loop
      vertex 59 -36.7 19
      vertex 62.7 -36.7 17.2
      vertex 63 -36.7 19
    endloop
  endfacet
  facet normal 0 -1 0
    outer loop
      vertex 59 -36.7 3
      vertex 62.7 -36.7 17.2
      vertex 59 -36.7 19
    endloop
  endfacet
  facet normal 0 -1 0
    outer loop
      vertex 62.5 -36.7 3
      vertex 62.7 -36.7 17.2
      vertex 59 -36.7 3
    endloop
  endfacet
  facet normal 0 -1 -0
    outer loop
      vertex 62.7 -36.7 17.2
      vertex 62.5 -36.7 3
      vertex 62.7 -36.7 3
    endloop
  endfacet
  facet normal 0 -1 -0
    outer loop
      vertex 63 -36.7 19
      vertex 62.7 -36.7 17.2
      vertex 63 -36.7 17.2
    endloop
  endfacet
  facet normal -0 0 1
    outer loop
      vertex 68 28.7 27
      vertex 72 27.3 27
      vertex 72 28.7 27
    endloop
  endfacet
  facet normal 0 0 1
    outer loop
      vertex 72 27.3 27
      vertex 68 28.7 27
      vertex 68 27.3 27
    endloop
  endfacet
  facet normal -1 0 0
    outer loop
      vertex 68 27.3 3
      vertex 68 28.7 27
      vertex 68 28.7 3
    endloop
  endfacet
  facet normal -1 -0 0
    outer loop
      vertex 68 28.7 27
      vertex 68 27.3 3
      vertex 68 27.3 27
    endloop
  endfacet
  facet normal 0 1 -0
    outer loop
      vertex 72 28.7 3
      vertex 68 28.7 27
      vertex 72 28.7 27
    endloop
  endfacet
  facet normal 0 1 0
    outer loop
      vertex 68 28.7 27
      vertex 72 28.7 3
      vertex 68 28.7 3
    endloop
  endfacet
  facet normal 0 -1 0
    outer loop
      vertex 68 27.3 3
      vertex 72 27.3 27
      vertex 68 27.3 27
    endloop
  endfacet
  facet normal 0 -1 -0
    outer loop
      vertex 72 27.3 27
      vertex 68 27.3 3
      vertex 72 27.3 3
    endloop
  endfacet
  facet normal 1 -0 0
    outer loop
      vertex 63 35.3 19
      vertex 63 36.7 17.2
      vertex 63 36.7 19
    endloop
  endfacet
  facet normal 1 0 0
    outer loop
      vertex 63 36.7 17.2
      vertex 63 35.3 19
      vertex 63 35.3 17.2
    endloop
  endfacet
  facet normal -0 0 1
    outer loop
      vertex 59 36.7 19
      vertex 63 35.3 19
      vertex 63 36.7 19
    endloop
  endfacet
  facet normal 0 0 1
    outer loop
      vertex 63 35.3 19
      vertex 59 36.7 19
      vertex 59 35.3 19
    endloop
  endfacet
  facet normal -1 0 0
    outer loop
      vertex 59 35.3 3
      vertex 59 36.7 19
      vertex 59 36.7 3
    endloop
  endfacet
  facet normal -1 -0 0
    outer loop
      vertex 59 36.7 19
      vertex 59 35.3 3
      vertex 59 35.3 19
    endloop
  endfacet
  facet normal 0 1 0
    outer loop
      vertex 62.7 36.7 17.2
      vertex 63 36.7 19
      vertex 63 36.7 17.2
    endloop
  endfacet
  facet normal 0 1 0
    outer loop
      vertex 63 36.7 19
      vertex 62.7 36.7 17.2
      vertex 59 36.7 19
    endloop
  endfacet
  facet normal 0 1 0
    outer loop
      vertex 62.5 36.7 3
      vertex 62.7 36.7 17.2
      vertex 62.7 36.7 3
    endloop
  endfacet
  facet normal 0 1 0
    outer loop
      vertex 59 36.7 3
      vertex 62.7 36.7 17.2
      vertex 62.5 36.7 3
    endloop
  endfacet
  facet normal 0 1 0
    outer loop
      vertex 62.7 36.7 17.2
      vertex 59 36.7 3
      vertex 59 36.7 19
    endloop
  endfacet
  facet normal 0 -1 0
    outer loop
      vertex 59 35.3 19
      vertex 62.7 35.3 17.2
      vertex 63 35.3 19
    endloop
  endfacet
  facet normal 0 -1 0
    outer loop
      vertex 59 35.3 3
      vertex 62.7 35.3 17.2
      vertex 59 35.3 19
    endloop
  endfacet
  facet normal 0 -1 0
    outer loop
      vertex 62.5 35.3 3
      vertex 62.7 35.3 17.2
      vertex 59 35.3 3
    endloop
  endfacet
  facet normal 0 -1 -0
    outer loop
      vertex 62.7 35.3 17.2
      vertex 62.5 35.3 3
      vertex 62.7 35.3 3
    endloop
  endfacet
  facet normal 0 -1 -0
    outer loop
      vertex 63 35.3 19
      vertex 62.7 35.3 17.2
      vertex 63 35.3 17.2
    endloop
  endfacet
  facet normal 1 -0 0
    outer loop
      vertex 58 -0.7 4.2
      vertex 58 0.7 3
      vertex 58 0.7 4.2
    endloop
  endfacet
  facet normal 1 0 0
    outer loop
      vertex 58 0.7 3
      vertex 58 -0.7 4.2
      vertex 58 -0.7 3
    endloop
  endfacet
  facet normal 0 -1 0
    outer loop
      vertex 47 -0.7 3
      vertex -40 -0.7 4.2
      vertex -40 -0.7 3
    endloop
  endfacet
  facet normal 0 -1 0
    outer loop
      vertex -40 -0.7 4.2
      vertex 47 -0.7 3
      vertex 58 -0.7 4.2
    endloop
  endfacet
  facet normal 0 -1 -0
    outer loop
      vertex 58 -0.7 4.2
      vertex 47 -0.7 3
      vertex 58 -0.7 3
    endloop
  endfacet
  facet normal 0 1 0
    outer loop
      vertex 47 0.7 3
      vertex 58 0.7 4.2
      vertex 58 0.7 3
    endloop
  endfacet
  facet normal 0 1 0
    outer loop
      vertex 58 0.7 4.2
      vertex 47 0.7 3
      vertex -40 0.7 4.2
    endloop
  endfacet
  facet normal 0 1 0
    outer loop
      vertex -40 0.7 4.2
      vertex 47 0.7 3
      vertex -40 0.7 3
    endloop
  endfacet
  facet normal -1 0 0
    outer loop
      vertex -40 -0.7 3
      vertex -40 0.7 4.2
      vertex -40 0.7 3
    endloop
  endfacet
  facet normal -1 -0 0
    outer loop
      vertex -40 0.7 4.2
      vertex -40 -0.7 3
      vertex -40 -0.7 4.2
    endloop
  endfacet
  facet normal -0 0 1
    outer loop
      vertex -40 0.7 4.2
      vertex 58 -0.7 4.2
      vertex 58 0.7 4.2
    endloop
  endfacet
  facet normal 0 0 1
    outer loop
      vertex 58 -0.7 4.2
      vertex -40 0.7 4.2
      vertex -40 -0.7 4.2
    endloop
  endfacet
  facet normal 1 -0 0
    outer loop
      vertex 64.9 -54 17.2
      vertex 64.9 -53.9831 3
      vertex 64.9 -53.9831 17.2
    endloop
  endfacet
  facet normal 1 0 0
    outer loop
      vertex 64.9 -53.9831 3
      vertex 64.9 -54 17.2
      vertex 64.9 -54 3
    endloop
  endfacet
  facet normal 1 -0 0
    outer loop
      vertex 64.9 -50.9881 17.2
      vertex 64.9 -23.1 3
      vertex 64.9 -23.1 17.2
    endloop
  endfacet
  facet normal 1 0 0
    outer loop
      vertex 64.9 -23.1 3
      vertex 64.9 -50.9881 17.2
      vertex 64.9 -50.9881 3
    endloop
  endfacet
  facet normal -0 0 1
    outer loop
      vertex 47.1 -23.1 17.2
      vertex 49.3 -50.9881 17.2
      vertex 49.3 -23.1 17.2
    endloop
  endfacet
  facet normal 0 0 1
    outer loop
      vertex 49.3 -50.9881 17.2
      vertex 47.1 -23.1 17.2
      vertex 47.1 -50.9881 17.2
    endloop
  endfacet
  facet normal -0 0 1
    outer loop
      vertex 50.5 -53.9831 17.2
      vertex 64.9 -54 17.2
      vertex 64.9 -53.9831 17.2
    endloop
  endfacet
  facet normal 0 0 1
    outer loop
      vertex 64.9 -54 17.2
      vertex 50.5 -53.9831 17.2
      vertex 50.5 -54 17.2
    endloop
  endfacet
  facet normal 0 0 1
    outer loop
      vertex 63 -36.7 17.2
      vertex 64.9 -23.1 17.2
      vertex 63 -35.3 17.2
    endloop
  endfacet
  facet normal -0 0 1
    outer loop
      vertex 62.7 -23.1 17.2
      vertex 63 -35.3 17.2
      vertex 64.9 -23.1 17.2
    endloop
  endfacet
  facet normal 0 0 1
    outer loop
      vertex 63 -35.3 17.2
      vertex 62.7 -23.1 17.2
      vertex 62.7 -35.3 17.2
    endloop
  endfacet
  facet normal 0 0 1
    outer loop
      vertex 64.9 -23.1 17.2
      vertex 63 -36.7 17.2
      vertex 64.9 -50.9881 17.2
    endloop
  endfacet
  facet normal 0 0 1
    outer loop
      vertex 62.7 -50.9881 17.2
      vertex 63 -36.7 17.2
      vertex 62.7 -36.7 17.2
    endloop
  endfacet
  facet normal 0 0 1
    outer loop
      vertex 63 -36.7 17.2
      vertex 62.7 -50.9881 17.2
      vertex 64.9 -50.9881 17.2
    endloop
  endfacet
  facet normal -1 0 0
    outer loop
      vertex 47.1 -30.15 3
      vertex 47.1 -50.9881 3
      vertex 47.1 -30.15 4.2
    endloop
  endfacet
  facet normal -1 0 0
    outer loop
      vertex 47.1 -30.15 4.2
      vertex 47.1 -23.1 17.2
      vertex 47.1 -23.1 4.2
    endloop
  endfacet
  facet normal -1 0 0
    outer loop
      vertex 47.1 -50.9881 17.2
      vertex 47.1 -30.15 4.2
      vertex 47.1 -50.9881 3
    endloop
  endfacet
  facet normal -1 0 0
    outer loop
      vertex 47.1 -30.15 4.2
      vertex 47.1 -50.9881 17.2
      vertex 47.1 -23.1 17.2
    endloop
  endfacet
  facet normal -1 0 0
    outer loop
      vertex 47.1 -54 3
      vertex 47.1 -53.9831 7
      vertex 47.1 -53.9831 3
    endloop
  endfacet
  facet normal -1 -0 0
    outer loop
      vertex 47.1 -53.9831 7
      vertex 47.1 -54 3
      vertex 47.1 -54 7
    endloop
  endfacet
  facet normal 0 1 -0
    outer loop
      vertex 62.5 -51.8 3
      vertex 49.5 -51.8 13.5
      vertex 62.5 -51.8 13.5
    endloop
  endfacet
  facet normal 0 1 0
    outer loop
      vertex 49.5 -51.8 13.5
      vertex 62.5 -51.8 3
      vertex 49.5 -51.8 3
    endloop
  endfacet
  facet normal -1 0 0
    outer loop
      vertex 62.7 -35.3 3
      vertex 62.7 -23.1 17.2
      vertex 62.7 -23.1 3
    endloop
  endfacet
  facet normal -1 -0 0
    outer loop
      vertex 62.7 -23.1 17.2
      vertex 62.7 -35.3 3
      vertex 62.7 -35.3 17.2
    endloop
  endfacet
  facet normal -1 0 0
    outer loop
      vertex 62.7 -50.9881 3
      vertex 62.7 -36.7 17.2
      vertex 62.7 -36.7 3
    endloop
  endfacet
  facet normal -1 -0 0
    outer loop
      vertex 62.7 -36.7 17.2
      vertex 62.7 -50.9881 3
      vertex 62.7 -50.9881 17.2
    endloop
  endfacet
  facet normal 0 1 -0
    outer loop
      vertex 64.9 -23.1 3
      vertex 62.7 -23.1 17.2
      vertex 64.9 -23.1 17.2
    endloop
  endfacet
  facet normal 0 1 0
    outer loop
      vertex 62.7 -23.1 17.2
      vertex 64.9 -23.1 3
      vertex 62.7 -23.1 3
    endloop
  endfacet
  facet normal 1 0 0
    outer loop
      vertex 49.3 -23.1 17.2
      vertex 49.3 -29.05 4.2
      vertex 49.3 -23.1 4.2
    endloop
  endfacet
  facet normal 1 -0 0
    outer loop
      vertex 49.3 -50.9881 17.2
      vertex 49.3 -29.05 4.2
      vertex 49.3 -23.1 17.2
    endloop
  endfacet
  facet normal 1 0 0
    outer loop
      vertex 49.3 -50.9881 3
      vertex 49.3 -29.05 4.2
      vertex 49.3 -50.9881 17.2
    endloop
  endfacet
  facet normal 1 0 0
    outer loop
      vertex 49.3 -29.05 4.2
      vertex 49.3 -50.9881 3
      vertex 49.3 -29.05 3
    endloop
  endfacet
  facet normal 0 1 -0
    outer loop
      vertex 49.3 -23.1 4.2
      vertex 47.1 -23.1 17.2
      vertex 49.3 -23.1 17.2
    endloop
  endfacet
  facet normal 0 1 0
    outer loop
      vertex 47.1 -23.1 17.2
      vertex 49.3 -23.1 4.2
      vertex 47.1 -23.1 4.2
    endloop
  endfacet
  facet normal 1 -0 0
    outer loop
      vertex 64.9 53.9831 17.2
      vertex 64.9 54 3
      vertex 64.9 54 17.2
    endloop
  endfacet
  facet normal 1 0 0
    outer loop
      vertex 64.9 54 3
      vertex 64.9 53.9831 17.2
      vertex 64.9 53.9831 3
    endloop
  endfacet
  facet normal 1 -0 0
    outer loop
      vertex 64.9 23.1 17.2
      vertex 64.9 50.9881 3
      vertex 64.9 50.9881 17.2
    endloop
  endfacet
  facet normal 1 0 0
    outer loop
      vertex 64.9 50.9881 3
      vertex 64.9 23.1 17.2
      vertex 64.9 23.1 3
    endloop
  endfacet
  facet normal -0 0 1
    outer loop
      vertex 47.1 50.9881 17.2
      vertex 49.3 23.1 17.2
      vertex 49.3 50.9881 17.2
    endloop
  endfacet
  facet normal 0 0 1
    outer loop
      vertex 49.3 23.1 17.2
      vertex 47.1 50.9881 17.2
      vertex 47.1 23.1 17.2
    endloop
  endfacet
  facet normal -0 0 1
    outer loop
      vertex 50.5 54 17.2
      vertex 64.9 53.9831 17.2
      vertex 64.9 54 17.2
    endloop
  endfacet
  facet normal 0 0 1
    outer loop
      vertex 64.9 53.9831 17.2
      vertex 50.5 54 17.2
      vertex 50.5 53.9831 17.2
    endloop
  endfacet
  facet normal 0 0 1
    outer loop
      vertex 64.9 50.9881 17.2
      vertex 63 36.7 17.2
      vertex 64.9 23.1 17.2
    endloop
  endfacet
  facet normal -0 0 1
    outer loop
      vertex 62.7 50.9881 17.2
      vertex 63 36.7 17.2
      vertex 64.9 50.9881 17.2
    endloop
  endfacet
  facet normal 0 0 1
    outer loop
      vertex 63 36.7 17.2
      vertex 62.7 50.9881 17.2
      vertex 62.7 36.7 17.2
    endloop
  endfacet
  facet normal -0 0 1
    outer loop
      vertex 63 35.3 17.2
      vertex 64.9 23.1 17.2
      vertex 63 36.7 17.2
    endloop
  endfacet
  facet normal 0 0 1
    outer loop
      vertex 62.7 23.1 17.2
      vertex 63 35.3 17.2
      vertex 62.7 35.3 17.2
    endloop
  endfacet
  facet normal 0 0 1
    outer loop
      vertex 63 35.3 17.2
      vertex 62.7 23.1 17.2
      vertex 64.9 23.1 17.2
    endloop
  endfacet
  facet normal -1 0 0
    outer loop
      vertex 47.1 30.15 4.2
      vertex 47.1 50.9881 3
      vertex 47.1 30.15 3
    endloop
  endfacet
  facet normal -1 0 0
    outer loop
      vertex 47.1 50.9881 3
      vertex 47.1 30.15 4.2
      vertex 47.1 50.9881 17.2
    endloop
  endfacet
  facet normal -1 0 0
    outer loop
      vertex 47.1 23.1 17.2
      vertex 47.1 30.15 4.2
      vertex 47.1 23.1 4.2
    endloop
  endfacet
  facet normal -1 0 0
    outer loop
      vertex 47.1 30.15 4.2
      vertex 47.1 23.1 17.2
      vertex 47.1 50.9881 17.2
    endloop
  endfacet
  facet normal -1 0 0
    outer loop
      vertex 47.1 53.9831 3
      vertex 47.1 54 7
      vertex 47.1 54 3
    endloop
  endfacet
  facet normal -1 -0 0
    outer loop
      vertex 47.1 54 7
      vertex 47.1 53.9831 3
      vertex 47.1 53.9831 7
    endloop
  endfacet
  facet normal 0 -1 0
    outer loop
      vertex 49.5 51.8 3
      vertex 62.5 51.8 13.5
      vertex 49.5 51.8 13.5
    endloop
  endfacet
  facet normal 0 -1 -0
    outer loop
      vertex 62.5 51.8 13.5
      vertex 49.5 51.8 3
      vertex 62.5 51.8 3
    endloop
  endfacet
  facet normal -1 0 0
    outer loop
      vertex 62.7 23.1 3
      vertex 62.7 35.3 17.2
      vertex 62.7 35.3 3
    endloop
  endfacet
  facet normal -1 -0 0
    outer loop
      vertex 62.7 35.3 17.2
      vertex 62.7 23.1 3
      vertex 62.7 23.1 17.2
    endloop
  endfacet
  facet normal -1 0 0
    outer loop
      vertex 62.7 36.7 3
      vertex 62.7 50.9881 17.2
      vertex 62.7 50.9881 3
    endloop
  endfacet
  facet normal -1 -0 0
    outer loop
      vertex 62.7 50.9881 17.2
      vertex 62.7 36.7 3
      vertex 62.7 36.7 17.2
    endloop
  endfacet
  facet normal 0 -1 0
    outer loop
      vertex 62.7 23.1 3
      vertex 64.9 23.1 17.2
      vertex 62.7 23.1 17.2
    endloop
  endfacet
  facet normal 0 -1 -0
    outer loop
      vertex 64.9 23.1 17.2
      vertex 62.7 23.1 3
      vertex 64.9 23.1 3
    endloop
  endfacet
  facet normal 1 0 0
    outer loop
      vertex 49.3 50.9881 17.2
      vertex 49.3 29.05 4.2
      vertex 49.3 50.9881 3
    endloop
  endfacet
  facet normal 1 -0 0
    outer loop
      vertex 49.3 23.1 17.2
      vertex 49.3 29.05 4.2
      vertex 49.3 50.9881 17.2
    endloop
  endfacet
  facet normal 1 0 0
    outer loop
      vertex 49.3 29.05 4.2
      vertex 49.3 23.1 17.2
      vertex 49.3 23.1 4.2
    endloop
  endfacet
  facet normal 1 0 0
    outer loop
      vertex 49.3 50.9881 3
      vertex 49.3 29.05 4.2
      vertex 49.3 29.05 3
    endloop
  endfacet
  facet normal 0 -1 0
    outer loop
      vertex 47.1 23.1 4.2
      vertex 49.3 23.1 17.2
      vertex 47.1 23.1 17.2
    endloop
  endfacet
  facet normal 0 -1 -0
    outer loop
      vertex 49.3 23.1 17.2
      vertex 47.1 23.1 4.2
      vertex 49.3 23.1 4.2
    endloop
  endfacet
  facet normal 1 0 0
    outer loop
      vertex -56 -35.3 19
      vertex -56 -40.5 4.2
      vertex -56 -35.3 3
    endloop
  endfacet
  facet normal 1 -0 0
    outer loop
      vertex -56 -45.3 19
      vertex -56 -40.5 4.2
      vertex -56 -35.3 19
    endloop
  endfacet
  facet normal 1 0 0
    outer loop
      vertex -56 -40.5 4.2
      vertex -56 -45.3 19
      vertex -56 -43.7 4.2
    endloop
  endfacet
  facet normal 1 0 0
    outer loop
      vertex -56 -45.3 3
      vertex -56 -43.7 4.2
      vertex -56 -45.3 19
    endloop
  endfacet
  facet normal 1 0 0
    outer loop
      vertex -56 -43.7 4.2
      vertex -56 -45.3 3
      vertex -56 -43.7 3
    endloop
  endfacet
  facet normal 1 0 0
    outer loop
      vertex -56 -35.3 3
      vertex -56 -40.5 4.2
      vertex -56 -40.5 3
    endloop
  endfacet
  facet normal -0 0 1
    outer loop
      vertex -62 -35.3 19
      vertex -56 -45.3 19
      vertex -56 -35.3 19
    endloop
  endfacet
  facet normal 0 0 1
    outer loop
      vertex -56 -45.3 19
      vertex -62 -35.3 19
      vertex -62 -45.3 19
    endloop
  endfacet
  facet normal -1 0 0
    outer loop
      vertex -62 -43.7 3
      vertex -62 -45.3 3
      vertex -62 -43.7 4.2
    endloop
  endfacet
  facet normal -1 0 0
    outer loop
      vertex -62 -41.7 4.2
      vertex -62 -35.3 3
      vertex -62 -41.7 3
    endloop
  endfacet
  facet normal -1 0 0
    outer loop
      vertex -62 -35.3 3
      vertex -62 -41.7 4.2
      vertex -62 -35.3 19
    endloop
  endfacet
  facet normal -1 0 0
    outer loop
      vertex -62 -45.3 19
      vertex -62 -41.7 4.2
      vertex -62 -43.7 4.2
    endloop
  endfacet
  facet normal -1 0 0
    outer loop
      vertex -62 -45.3 19
      vertex -62 -43.7 4.2
      vertex -62 -45.3 3
    endloop
  endfacet
  facet normal -1 0 0
    outer loop
      vertex -62 -41.7 4.2
      vertex -62 -45.3 19
      vertex -62 -35.3 19
    endloop
  endfacet
  facet normal 0 1 -0
    outer loop
      vertex -56 -35.3 3
      vertex -62 -35.3 19
      vertex -56 -35.3 19
    endloop
  endfacet
  facet normal 0 1 0
    outer loop
      vertex -62 -35.3 19
      vertex -56 -35.3 3
      vertex -62 -35.3 3
    endloop
  endfacet
  facet normal 0 -1 0
    outer loop
      vertex -62 -45.3 3
      vertex -56 -45.3 19
      vertex -62 -45.3 19
    endloop
  endfacet
  facet normal 0 -1 -0
    outer loop
      vertex -56 -45.3 19
      vertex -62 -45.3 3
      vertex -56 -45.3 3
    endloop
  endfacet
  facet normal 1 0 0
    outer loop
      vertex -56 45.3 19
      vertex -56 43.7 4.2
      vertex -56 45.3 3
    endloop
  endfacet
  facet normal 1 0 0
    outer loop
      vertex -56 45.3 19
      vertex -56 40.5 4.2
      vertex -56 43.7 4.2
    endloop
  endfacet
  facet normal 1 -0 0
    outer loop
      vertex -56 35.3 19
      vertex -56 40.5 4.2
      vertex -56 45.3 19
    endloop
  endfacet
  facet normal 1 0 0
    outer loop
      vertex -56 35.3 3
      vertex -56 40.5 4.2
      vertex -56 35.3 19
    endloop
  endfacet
  facet normal 1 0 0
    outer loop
      vertex -56 40.5 4.2
      vertex -56 35.3 3
      vertex -56 40.5 3
    endloop
  endfacet
  facet normal 1 0 0
    outer loop
      vertex -56 45.3 3
      vertex -56 43.7 4.2
      vertex -56 43.7 3
    endloop
  endfacet
  facet normal -0 0 1
    outer loop
      vertex -62 45.3 19
      vertex -56 35.3 19
      vertex -56 45.3 19
    endloop
  endfacet
  facet normal 0 0 1
    outer loop
      vertex -56 35.3 19
      vertex -62 45.3 19
      vertex -62 35.3 19
    endloop
  endfacet
  facet normal -1 0 0
    outer loop
      vertex -62 41.7 3
      vertex -62 35.3 3
      vertex -62 41.7 4.2
    endloop
  endfacet
  facet normal -1 0 0
    outer loop
      vertex -62 43.7 4.2
      vertex -62 45.3 3
      vertex -62 43.7 3
    endloop
  endfacet
  facet normal -1 0 0
    outer loop
      vertex -62 45.3 3
      vertex -62 43.7 4.2
      vertex -62 45.3 19
    endloop
  endfacet
  facet normal -1 0 0
    outer loop
      vertex -62 41.7 4.2
      vertex -62 45.3 19
      vertex -62 43.7 4.2
    endloop
  endfacet
  facet normal -1 0 0
    outer loop
      vertex -62 35.3 19
      vertex -62 41.7 4.2
      vertex -62 35.3 3
    endloop
  endfacet
  facet normal -1 0 0
    outer loop
      vertex -62 41.7 4.2
      vertex -62 35.3 19
      vertex -62 45.3 19
    endloop
  endfacet
  facet normal 0 1 -0
    outer loop
      vertex -56 45.3 3
      vertex -62 45.3 19
      vertex -56 45.3 19
    endloop
  endfacet
  facet normal 0 1 0
    outer loop
      vertex -62 45.3 19
      vertex -56 45.3 3
      vertex -62 45.3 3
    endloop
  endfacet
  facet normal 0 -1 0
    outer loop
      vertex -62 35.3 3
      vertex -56 35.3 19
      vertex -62 35.3 19
    endloop
  endfacet
  facet normal 0 -1 -0
    outer loop
      vertex -56 35.3 19
      vertex -62 35.3 3
      vertex -56 35.3 3
    endloop
  endfacet
endsolid OpenSCAD_Model
